state,county,county_fips,county_population,asthma_prev,copd_prev,health_data_year
AL,Autauga,01001,60342,10.0,7.4,2025
AL,Baldwin,01003,253507,9.3,7.5,2025
AL,Barbour,01005,24585,10.8,11.1,2025
AL,Bibb,01007,21868,10.4,10.2,2025
AL,Blount,01009,59816,9.9,9.1,2025
AL,Bullock,01011,9897,11.5,13.0,2025
AL,Butler,01013,18382,10.9,10.3,2025
AL,Calhoun,01015,116429,10.6,8.9,2025
AL,Chambers,01017,34079,10.7,9.9,2025
AL,Cherokee,01019,25666,10.2,10.7,2025
AL,Chilton,01021,46431,10.0,8.8,2025
AL,Choctaw,01023,12252,10.9,11.1,2025
AL,Clarke,01025,22337,10.8,9.7,2025
AL,Clay,01027,14111,10.4,10.6,2025
AL,Cleburne,01029,15639,10.0,9.8,2025
AL,Coffee,01031,55643,10.2,8.6,2025
AL,Colbert,01033,58361,10.3,8.9,2025
AL,Conecuh,01035,11174,11.0,12.6,2025
AL,Coosa,01037,10268,10.3,10.6,2025
AL,Covington,01039,37952,10.2,10.4,2025
AL,Crenshaw,01041,13101,10.5,9.9,2025
AL,Cullman,01043,92016,9.8,9.0,2025
AL,Dale,01045,49871,10.3,9.2,2025
AL,Dallas,01047,36165,11.6,11.2,2025
AL,DeKalb,01049,72569,10.1,10.8,2025
AL,Elmore,01051,90441,10.0,7.5,2025
AL,Escambia,01053,36558,10.9,11.4,2025
AL,Etowah,01055,103241,10.3,9.8,2025
AL,Fayette,01057,15967,10.3,10.9,2025
AL,Franklin,01059,31802,10.0,10.7,2025
AL,Geneva,01061,26988,10.4,11.0,2025
AL,Greene,01063,7341,12.0,13.8,2025
AL,Hale,01065,14888,11.3,10.3,2025
AL,Henry,01067,17899,10.3,9.7,2025
AL,Houston,01069,108462,10.4,8.9,2025
AL,Jackson,01071,53467,10.3,10.9,2025
AL,Jefferson,01073,662895,9.9,6.9,2025
AL,Lamar,01075,13661,10.3,11.1,2025
AL,Lauderdale,01077,96814,9.9,8.2,2025
AL,Lawrence,01079,33502,10.5,9.8,2025
AL,Lee,01081,183215,10.1,6.4,2025
AL,Limestone,01083,114654,9.7,6.9,2025
AL,Lowndes,01085,9717,11.7,12.3,2025
AL,Macon,01087,18370,11.7,8.8,2025
AL,Madison,01089,412600,9.4,5.8,2025
AL,Marengo,01091,18684,11.0,9.9,2025
AL,Marion,01093,29244,10.2,10.8,2025
AL,Marshall,01095,100756,9.8,9.0,2025
AL,Mobile,01097,411640,9.7,7.9,2025
AL,Monroe,01099,19229,11.1,11.2,2025
AL,Montgomery,01101,224980,10.7,7.5,2025
AL,Morgan,01103,125133,9.9,8.5,2025
AL,Perry,01105,7738,11.9,12.9,2025
AL,Pickens,01107,18688,10.6,10.0,2025
AL,Pike,01109,33137,10.9,7.8,2025
AL,Randolph,01111,22786,10.3,9.7,2025
AL,Russell,01113,58744,11.0,9.0,2025
AL,St. Clair,01115,95552,10.0,7.9,2025
AL,Shelby,01117,233000,9.3,5.5,2025
AL,Sumter,01119,11727,11.6,9.3,2025
AL,Talladega,01121,81132,10.6,9.4,2025
AL,Tallapoosa,01123,40677,10.3,9.5,2025
AL,Tuscaloosa,01125,237373,10.3,6.6,2025
AL,Walker,01127,64728,10.3,10.2,2025
AL,Washington,01129,15022,10.5,9.5,2025
AL,Wilcox,01131,9944,11.9,12.8,2025
AL,Winston,01133,23611,10.3,11.8,2025
AK,Aleutians East,02013,3461,7.8,5.0,2025
AK,Aleutians West,02016,5160,7.8,4.3,2025
AK,Anchorage,02020,286075,10.7,5.3,2025
AK,Bethel,02050,18224,13.6,9.9,2025
AK,Bristol Bay,02060,844,11.0,7.1,2025
AK,Chugach,02063,6769,10.0,6.3,2025
AK,Copper River,02066,2674,10.7,8.0,2025
AK,Denali,02068,1584,9.9,5.9,2025
AK,Dillingham,02070,4607,12.7,8.6,2025
AK,Fairbanks North Star,02090,94840,10.0,4.9,2025
AK,Haines,02100,2070,10.1,7.2,2025
AK,Hoonah-Angoon,02105,2262,11.3,9.4,2025
AK,Juneau,02110,31555,10.2,5.9,2025
AK,Kenai Peninsula,02122,61223,10.3,7.3,2025
AK,Ketchikan Gateway,02130,13738,10.3,6.6,2025
AK,Kodiak Island,02150,12565,9.3,5.5,2025
AK,Kusilvak,02158,8001,14.7,11.6,2025
AK,Lake and Peninsula,02164,1331,12.5,9.1,2025
AK,Matanuska-Susitna,02170,115239,10.7,6.7,2025
AK,Nome,02180,9763,12.8,8.7,2025
AK,North Slope,02185,10603,10.4,6.0,2025
AK,Northwest Arctic,02188,7361,13.3,8.8,2025
AK,Petersburg,02195,3427,9.8,6.8,2025
AK,Prince of Wales-Hyder,02198,5696,11.9,9.4,2025
AK,Sitka,02220,8282,10.1,6.0,2025
AK,Skagway,02230,1095,10.0,6.3,2025
AK,Southeast Fairbanks,02240,7077,10.1,7.5,2025
AK,Wrangell,02275,2064,10.6,9.1,2025
AK,Yakutat,02282,687,10.9,8.6,2025
AK,Yukon-Koyukuk,02290,5129,12.6,10.5,2025
AZ,Apache,04001,65036,14.3,11.9,2025
AZ,Cochise,04003,124640,10.4,8.3,2025
AZ,Coconino,04005,144472,11.7,6.3,2025
AZ,Gila,04007,54003,11.1,10.6,2025
AZ,Graham,04009,39525,11.2,7.4,2025
AZ,Greenlee,04011,9369,10.1,5.4,2025
AZ,La Paz,04012,16710,10.6,12.5,2025
AZ,Maricopa,04013,4585871,10.0,5.7,2025
AZ,Mohave,04015,223682,11.0,11.2,2025
AZ,Navajo,04017,109175,13.6,10.9,2025
AZ,Pima,04019,1063162,10.9,6.8,2025
AZ,Pinal,04021,484239,10.8,7.5,2025
AZ,Santa Cruz,04023,49158,9.4,6.8,2025
AZ,Yavapai,04025,249081,10.8,9.2,2025
AZ,Yuma,04027,213221,9.7,7.5,2025
AR,Arkansas,05001,16307,10.6,9.6,2025
AR,Ashley,05003,18262,11.0,11.9,2025
AR,Baxter,05005,42875,10.2,11.5,2025
AR,Benton,05007,311013,9.2,5.9,2025
AR,Boone,05009,38530,10.2,9.3,2025
AR,Bradley,05011,10104,10.8,10.7,2025
AR,Calhoun,05013,4641,10.3,8.9,2025
AR,Carroll,05015,28814,9.8,10.4,2025
AR,Chicot,05017,9538,11.1,11.5,2025
AR,Clark,05019,21274,10.9,8.1,2025
AR,Clay,05021,14201,10.4,10.8,2025
AR,Cleburne,05023,25445,10.1,11.1,2025
AR,Cleveland,05025,7378,10.5,10.3,2025
AR,Columbia,05027,22150,11.0,8.8,2025
AR,Conway,05029,21077,10.6,10.7,2025
AR,Craighead,05031,113993,10.5,7.9,2025
AR,Crawford,05033,61891,10.3,9.2,2025
AR,Crittenden,05035,47139,11.6,9.3,2025
AR,Cross,05037,16420,10.9,10.8,2025
AR,Dallas,05039,6185,10.6,9.5,2025
AR,Desha,05041,10479,11.8,13.1,2025
AR,Drew,05043,16945,11.1,9.8,2025
AR,Faulkner,05045,129951,10.2,6.7,2025
AR,Franklin,05047,17468,10.6,11.2,2025
AR,Fulton,05049,12421,10.6,13.2,2025
AR,Garland,05051,99784,10.1,9.5,2025
AR,Grant,05053,18383,9.9,8.2,2025
AR,Greene,05055,46743,10.5,9.7,2025
AR,Hempstead,05057,19343,10.7,9.8,2025
AR,Hot Spring,05059,33258,10.3,9.8,2025
AR,Howard,05061,12533,10.6,9.5,2025
AR,Independence,05063,38320,10.4,9.7,2025
AR,Izard,05065,14169,10.3,12.2,2025
AR,Jackson,05067,16784,11.0,11.1,2025
AR,Jefferson,05069,63661,11.2,9.3,2025
AR,Johnson,05071,26129,10.3,10.3,2025
AR,Lafayette,05073,6095,11.4,13.6,2025
AR,Lawrence,05075,16318,10.7,11.3,2025
AR,Lee,05077,8201,11.0,11.7,2025
AR,Lincoln,05079,12898,9.8,8.8,2025
AR,Little River,05081,11805,10.7,10.2,2025
AR,Logan,05083,21400,10.5,10.4,2025
AR,Lonoke,05085,75944,10.3,7.5,2025
AR,Madison,05087,17775,10.4,10.5,2025
AR,Marion,05089,17514,10.3,12.1,2025
AR,Miller,05091,42415,11.1,10.1,2025
AR,Mississippi,05093,38663,11.1,9.6,2025
AR,Monroe,05095,6512,11.3,11.5,2025
AR,Montgomery,05097,8620,10.4,12.0,2025
AR,Nevada,05099,8120,10.9,11.8,2025
AR,Newton,05101,7071,10.3,11.3,2025
AR,Ouachita,05103,21793,11.0,10.3,2025
AR,Perry,05105,10184,10.2,10.2,2025
AR,Phillips,05107,14961,12.2,12.4,2025
AR,Pike,05109,10208,10.3,10.2,2025
AR,Poinsett,05111,22397,10.8,11.3,2025
AR,Polk,05113,19436,10.5,11.4,2025
AR,Pope,05115,64593,10.6,9.1,2025
AR,Prairie,05117,8036,10.4,10.4,2025
AR,Pulaski,05119,400009,10.3,7.2,2025
AR,Randolph,05121,18907,10.6,11.2,2025
AR,St. Francis,05123,22101,11.0,10.9,2025
AR,Saline,05125,129574,10.0,7.2,2025
AR,Scott,05127,9851,10.3,10.6,2025
AR,Searcy,05129,7806,10.7,13.7,2025
AR,Sebastian,05131,129098,10.3,8.5,2025
AR,Sevier,05133,15632,10.2,9.9,2025
AR,Sharp,05135,17968,10.6,12.3,2025
AR,Stone,05137,12671,10.5,13.2,2025
AR,Union,05139,37397,10.9,9.6,2025
AR,Van Buren,05141,16142,10.4,12.6,2025
AR,Washington,05143,261549,10.2,6.5,2025
AR,White,05145,78452,10.6,9.3,2025
AR,Woodruff,05147,5964,11.0,12.3,2025
AR,Yell,05149,20044,10.1,9.9,2025
CA,Alameda,06001,1622188,8.8,4.1,2025
CA,Alpine,06003,1141,10.2,6.4,2025
CA,Amador,06005,41811,10.0,7.1,2025
CA,Butte,06007,207172,10.5,6.8,2025
CA,Calaveras,06009,46565,10.3,8.4,2025
CA,Colusa,06011,22037,9.8,6.4,2025
CA,Contra Costa,06013,1155025,9.4,4.7,2025
CA,Del Norte,06015,26589,10.8,8.1,2025
CA,El Dorado,06017,192215,9.8,6.0,2025
CA,Fresno,06019,1017162,9.9,6.0,2025
CA,Glenn,06021,28129,10.1,7.1,2025
CA,Humboldt,06023,133985,11.0,7.6,2025
CA,Imperial,06025,179057,9.2,5.7,2025
CA,Inyo,06027,18527,10.2,6.9,2025
CA,Kern,06029,913820,10.3,6.4,2025
CA,Kings,06031,152682,9.8,5.9,2025
CA,Lake,06033,67878,10.8,9.1,2025
CA,Lassen,06035,28861,10.3,7.6,2025
CA,Los Angeles,06037,9663345,9.1,4.9,2025
CA,Madera,06039,162858,10.4,7.2,2025
CA,Marin,06041,254407,9.4,5.3,2025
CA,Mariposa,06043,16919,10.3,8.4,2025
CA,Mendocino,06045,89108,10.6,8.5,2025
CA,Merced,06047,291920,9.8,6.1,2025
CA,Modoc,06049,8500,10.8,9.9,2025
CA,Mono,06051,13066,9.9,6.0,2025
CA,Monterey,06053,430723,9.6,5.7,2025
CA,Napa,06055,133216,9.5,5.7,2025
CA,Nevada,06057,102037,10.2,7.2,2025
CA,Orange,06059,3135755,9.0,4.7,2025
CA,Placer,06061,423561,9.9,5.2,2025
CA,Plumas,06063,19131,10.6,8.7,2025
CA,Riverside,06065,2492442,9.5,5.4,2025
CA,Sacramento,06067,1584288,10.2,5.6,2025
CA,San Benito,06069,68175,9.2,4.7,2025
CA,San Bernardino,06071,2195611,9.9,5.2,2025
CA,San Diego,06073,3269973,8.9,4.7,2025
CA,San Francisco,06075,808988,8.4,3.9,2025
CA,San Joaquin,06077,800965,9.5,5.5,2025
CA,San Luis Obispo,06079,281639,9.9,5.8,2025
CA,San Mateo,06081,726353,8.5,4.0,2025
CA,Santa Barbara,06083,441257,9.7,5.6,2025
CA,Santa Clara,06085,1877592,7.9,3.5,2025
CA,Santa Cruz,06087,261547,9.8,5.4,2025
CA,Shasta,06089,180366,10.8,7.6,2025
CA,Sierra,06091,3200,10.6,10.2,2025
CA,Siskiyou,06093,42905,11.0,9.1,2025
CA,Solano,06095,449218,10.1,5.3,2025
CA,Sonoma,06097,481812,9.8,5.8,2025
CA,Stanislaus,06099,551430,10.0,6.1,2025
CA,Sutter,06101,97948,10.0,6.8,2025
CA,Tehama,06103,64896,10.7,8.4,2025
CA,Trinity,06105,15670,11.0,11.3,2025
CA,Tulare,06107,479468,10.0,6.1,2025
CA,Tuolumne,06109,54204,10.3,7.6,2025
CA,Ventura,06111,829590,9.5,5.2,2025
CA,Yolo,06113,220544,9.8,4.7,2025
CA,Yuba,06115,85722,10.4,6.5,2025
CO,Adams,08001,533365,11.0,5.1,2025
CO,Alamosa,08003,16655,11.0,6.4,2025
CO,Arapahoe,08005,656061,10.5,4.9,2025
CO,Archuleta,08007,14189,10.9,7.7,2025
CO,Baca,08009,3344,11.9,10.7,2025
CO,Bent,08011,5681,10.8,10.1,2025
CO,Boulder,08013,326831,10.3,4.7,2025
CO,Broomfield,08014,76860,10.3,4.2,2025
CO,Chaffee,08015,20617,10.8,7.1,2025
CO,Cheyenne,08017,1727,11.3,8.0,2025
CO,Clear Creek,08019,9147,10.6,5.7,2025
CO,Conejos,08021,7521,10.4,6.9,2025
CO,Costilla,08023,3628,10.4,8.4,2025
CO,Crowley,08025,5636,10.1,7.1,2025
CO,Custer,08027,5534,11.2,8.6,2025
CO,Delta,08029,31746,11.4,9.2,2025
CO,Denver,08031,716577,10.3,4.2,2025
CO,Dolores,08033,2513,11.2,8.3,2025
CO,Douglas,08035,383906,10.5,4.0,2025
CO,Eagle,08037,54381,10.3,5.0,2025
CO,Elbert,08039,28806,11.1,5.9,2025
CO,El Paso,08041,744215,11.6,5.2,2025
CO,Fremont,08043,50318,11.0,8.2,2025
CO,Garfield,08045,62707,10.7,5.8,2025
CO,Gilpin,08047,5926,11.0,6.1,2025
CO,Grand,08049,15935,10.8,6.2,2025
CO,Gunnison,08051,17321,10.8,4.6,2025
CO,Hinsdale,08053,765,10.4,6.0,2025
CO,Huerfano,08055,7055,10.8,8.6,2025
CO,Jackson,08057,1309,11.5,10.6,2025
CO,Jefferson,08059,576366,11.2,5.0,2025
CO,Kiowa,08061,1384,11.4,8.9,2025
CO,Kit Carson,08063,6994,11.5,8.3,2025
CO,Lake,08065,7365,10.2,4.7,2025
CO,La Plata,08067,56407,11.1,6.2,2025
CO,Larimer,08069,370771,11.2,5.2,2025
CO,Las Animas,08071,14348,10.8,8.2,2025
CO,Lincoln,08073,5480,10.9,7.9,2025
CO,Logan,08075,20619,11.4,8.4,2025
CO,Mesa,08077,159681,11.4,7.0,2025
CO,Mineral,08079,944,10.7,6.9,2025
CO,Moffat,08081,13327,11.4,7.9,2025
CO,Montezuma,08083,26531,11.8,8.3,2025
CO,Montrose,08085,44156,11.1,8.0,2025
CO,Morgan,08087,29524,11.1,6.9,2025
CO,Otero,08089,18136,11.3,9.0,2025
CO,Ouray,08091,5176,10.6,6.2,2025
CO,Park,08093,18117,10.9,6.5,2025
CO,Phillips,08095,4476,11.2,8.3,2025
CO,Pitkin,08097,16640,10.2,4.9,2025
CO,Prowers,08099,11751,11.1,8.1,2025
CO,Pueblo,08101,169422,11.1,7.2,2025
CO,Rio Blanco,08103,6569,11.2,6.8,2025
CO,Rio Grande,08105,11188,10.6,7.1,2025
CO,Routt,08107,25064,10.6,5.4,2025
CO,Saguache,08109,6688,11.1,9.3,2025
CO,San Juan,08111,802,10.4,6.2,2025
CO,San Miguel,08113,7868,10.5,5.3,2025
CO,Sedgwick,08115,2299,11.1,9.1,2025
CO,Summit,08117,30465,10.4,5.0,2025
CO,Teller,08119,24617,11.0,6.8,2025
CO,Washington,08121,4855,11.1,7.6,2025
CO,Weld,08123,359442,10.7,5.5,2025
CO,Yuma,08125,9862,11.1,7.8,2025
CT,Capitol,09110,975328,11.9,5.6,2025
CT,Greater Bridgeport,09120,327651,10.5,5.4,2025
CT,Lower Connecticut River Valley,09130,176215,10.7,5.6,2025
CT,Naugatuck Valley,09140,456128,11.1,6.2,2025
CT,Northeastern Connecticut,09150,96692,11.4,6.8,2025
CT,Northwest Hills,09160,113463,11.0,6.5,2025
CT,South Central Connecticut,09170,568158,10.9,5.6,2025
CT,Southeastern Connecticut,09180,279634,11.7,6.3,2025
CT,Western Connecticut,09190,623907,9.8,4.6,2025
DE,Kent,10001,189789,12.5,7.6,2025
DE,New Castle,10003,578592,10.4,6.0,2025
DE,Sussex,10005,263509,10.5,9.1,2025
DC,District of Columbia,11001,678972,10.2,4.0,2025
FL,Alachua,12001,285994,10.1,6.0,2025
FL,Baker,12003,28368,10.3,8.3,2025
FL,Bay,12005,190769,10.0,7.9,2025
FL,Bradford,12007,27858,10.5,10.5,2025
FL,Brevard,12009,643979,9.6,7.8,2025
FL,Broward,12011,1962531,9.2,6.3,2025
FL,Calhoun,12013,13470,10.6,11.1,2025
FL,Charlotte,12015,206134,9.5,9.7,2025
FL,Citrus,12017,166696,9.7,11.1,2025
FL,Clay,12019,232439,9.9,7.0,2025
FL,Collier,12021,404310,8.6,8.0,2025
FL,Columbia,12023,73063,10.3,10.1,2025
FL,DeSoto,12027,35979,10.0,12.1,2025
FL,Dixie,12029,17465,10.3,12.2,2025
FL,Duval,12031,1030822,10.3,7.0,2025
FL,Escambia,12033,326928,10.6,7.8,2025
FL,Flagler,12035,131439,9.7,8.6,2025
FL,Franklin,12037,12594,9.9,10.8,2025
FL,Gadsden,12039,43833,11.1,11.0,2025
FL,Gilchrist,12041,19587,10.2,9.7,2025
FL,Glades,12043,12786,9.8,11.7,2025
FL,Gulf,12045,15693,9.8,9.1,2025
FL,Hamilton,12047,13471,10.9,12.1,2025
FL,Hardee,12049,25760,9.7,9.5,2025
FL,Hendry,12051,43333,9.4,8.5,2025
FL,Hernando,12053,212807,9.8,9.1,2025
FL,Highlands,12055,107614,9.5,11.0,2025
FL,Hillsborough,12057,1535564,9.4,6.0,2025
FL,Holmes,12059,19944,10.4,10.9,2025
FL,Indian River,12061,169795,9.1,8.8,2025
FL,Jackson,12063,48622,10.3,10.3,2025
FL,Jefferson,12065,15450,10.3,10.3,2025
FL,Lafayette,12067,8078,10.2,10.6,2025
FL,Lake,12069,424462,9.5,8.0,2025
FL,Lee,12071,834573,9.2,8.2,2025
FL,Leon,12073,296913,10.5,5.9,2025
FL,Levy,12075,46545,10.3,11.0,2025
FL,Liberty,12077,7706,10.1,10.0,2025
FL,Madison,12079,18519,10.9,11.1,2025
FL,Manatee,12081,441095,9.1,8.3,2025
FL,Marion,12083,409959,9.8,9.8,2025
FL,Martin,12085,163315,9.2,8.5,2025
FL,Miami-Dade,12086,2686867,8.5,5.3,2025
FL,Monroe,12087,80614,8.9,7.2,2025
FL,Nassau,12089,101501,9.6,7.6,2025
FL,Okaloosa,12091,218464,9.6,6.6,2025
FL,Okeechobee,12093,41427,9.9,10.5,2025
FL,Orange,12095,1471416,9.1,5.5,2025
FL,Osceola,12097,437784,9.0,5.5,2025
FL,Palm Beach,12099,1533801,9.2,7.1,2025
FL,Pasco,12101,632996,9.7,7.8,2025
FL,Pinellas,12103,961596,9.5,8.1,2025
FL,Polk,12105,818330,10.0,8.0,2025
FL,Putnam,12107,75955,10.8,13.0,2025
FL,St. Johns,12109,320110,9.3,6.0,2025
FL,St. Lucie,12111,373586,9.9,8.3,2025
FL,Santa Rosa,12113,203162,9.6,6.8,2025
FL,Sarasota,12115,469013,9.1,8.4,2025
FL,Seminole,12117,484271,9.1,5.6,2025
FL,Sumter,12119,151565,8.8,10.1,2025
FL,Suwannee,12121,46130,10.2,10.5,2025
FL,Taylor,12123,21582,10.5,11.5,2025
FL,Union,12125,15532,10.3,10.0,2025
FL,Volusia,12127,590357,10.0,8.4,2025
FL,Wakulla,12129,36449,10.0,7.8,2025
FL,Walton,12131,86354,9.5,7.7,2025
FL,Washington,12133,25602,10.5,10.7,2025
GA,Appling,13001,18457,10.8,11.0,2025
GA,Atkinson,13003,8293,10.8,11.0,2025
GA,Bacon,13005,11124,10.7,9.5,2025
GA,Baker,13007,2743,11.1,12.4,2025
GA,Baldwin,13009,43396,10.8,8.1,2025
GA,Banks,13011,19789,10.1,8.8,2025
GA,Barrow,13013,92792,9.9,6.5,2025
GA,Bartow,13015,115041,10.1,7.1,2025
GA,Ben Hill,13017,17128,11.4,11.1,2025
GA,Berrien,13019,18570,10.7,10.7,2025
GA,Bibb,13021,156512,11.2,8.4,2025
GA,Bleckley,13023,12465,10.8,8.8,2025
GA,Brantley,13025,18401,10.6,10.3,2025
GA,Brooks,13027,16245,11.1,11.6,2025
GA,Bryan,13029,49739,9.6,5.0,2025
GA,Bulloch,13031,84327,10.6,6.6,2025
GA,Burke,13033,24438,11.4,9.8,2025
GA,Butts,13035,26887,10.4,8.0,2025
GA,Calhoun,13037,5457,10.6,9.3,2025
GA,Camden,13039,58118,10.1,6.9,2025
GA,Candler,13043,11059,10.8,9.8,2025
GA,Carroll,13045,127098,10.4,7.3,2025
GA,Catoosa,13047,68910,9.9,7.5,2025
GA,Charlton,13049,12934,10.0,9.1,2025
GA,Chatham,13051,303655,10.2,6.4,2025
GA,Chattahoochee,13053,8661,9.2,4.3,2025
GA,Chattooga,13055,25222,10.7,11.3,2025
GA,Cherokee,13057,286602,9.5,5.6,2025
GA,Clarke,13059,129933,10.6,5.8,2025
GA,Clay,13061,2853,11.2,11.0,2025
GA,Clayton,13063,298300,11.4,6.5,2025
GA,Clinch,13065,6746,11.1,11.0,2025
GA,Cobb,13067,776743,9.4,4.8,2025
GA,Coffee,13069,43317,10.9,9.8,2025
GA,Colquitt,13071,46167,10.7,9.6,2025
GA,Columbia,13073,165162,9.6,5.5,2025
GA,Cook,13075,17714,11.0,10.1,2025
GA,Coweta,13077,155892,9.9,5.9,2025
GA,Crawford,13079,12277,10.4,9.0,2025
GA,Crisp,13081,19631,11.6,11.0,2025
GA,Dade,13083,16165,10.1,8.2,2025
GA,Dawson,13085,31732,9.5,6.8,2025
GA,Decatur,13087,29087,11.1,9.7,2025
GA,DeKalb,13089,762992,10.4,5.2,2025
GA,Dodge,13091,19776,10.6,9.8,2025
GA,Dooly,13093,10981,10.5,9.2,2025
GA,Dougherty,13095,82645,11.9,9.1,2025
GA,Douglas,13097,149160,10.8,5.8,2025
GA,Early,13099,10563,11.6,10.3,2025
GA,Echols,13101,3709,9.8,7.4,2025
GA,Effingham,13103,71541,10.0,6.1,2025
GA,Elbert,13105,20013,10.7,9.6,2025
GA,Emanuel,13107,23119,11.1,10.0,2025
GA,Evans,13109,10754,10.9,9.6,2025
GA,Fannin,13111,25955,10.0,10.6,2025
GA,Fayette,13113,123351,9.3,5.3,2025
GA,Floyd,13115,100113,10.3,8.1,2025
GA,Forsyth,13117,272887,8.4,4.2,2025
GA,Franklin,13119,24782,10.6,9.6,2025
GA,Fulton,13121,1079105,9.4,4.5,2025
GA,Gilmer,13123,32860,9.7,9.5,2025
GA,Glascock,13125,2954,10.5,9.4,2025
GA,Glynn,13127,86172,10.1,8.2,2025
GA,Gordon,13129,59757,10.2,8.7,2025
GA,Grady,13131,26066,10.7,9.7,2025
GA,Greene,13133,20722,9.7,7.9,2025
GA,Gwinnett,13135,983526,9.2,5.0,2025
GA,Habersham,13137,48757,9.9,8.0,2025
GA,Hall,13139,217267,9.6,7.1,2025
GA,Hancock,13141,8676,11.4,11.9,2025
GA,Haralson,13143,32038,10.3,8.2,2025
GA,Harris,13145,36654,9.7,6.3,2025
GA,Hart,13147,27556,10.2,9.0,2025
GA,Heard,13149,12034,10.5,9.2,2025
GA,Henry,13151,254613,10.6,5.5,2025
GA,Houston,13153,171974,10.1,5.9,2025
GA,Irwin,13155,9120,10.7,9.6,2025
GA,Jackson,13157,88615,9.7,6.6,2025
GA,Jasper,13159,16455,10.4,8.6,2025
GA,Jeff Davis,13161,14906,10.8,10.6,2025
GA,Jefferson,13163,15183,11.5,10.1,2025
GA,Jenkins,13165,8627,11.2,10.9,2025
GA,Johnson,13167,9282,10.6,10.7,2025
GA,Jones,13169,28969,10.6,7.9,2025
GA,Lamar,13171,20401,10.7,7.6,2025
GA,Lanier,13173,10452,10.8,9.7,2025
GA,Laurens,13175,49941,11.1,9.4,2025
GA,Lee,13177,33872,10.0,5.9,2025
GA,Liberty,13179,69210,10.3,5.5,2025
GA,Lincoln,13181,7879,10.7,10.7,2025
GA,Long,13183,19594,10.6,6.7,2025
GA,Lowndes,13185,120712,10.7,7.0,2025
GA,Lumpkin,13187,35258,10.0,7.2,2025
GA,McDuffie,13189,21799,11.0,9.2,2025
GA,McIntosh,13191,11501,11.1,12.3,2025
GA,Macon,13193,11817,11.2,11.3,2025
GA,Madison,13195,32191,10.5,9.5,2025
GA,Marion,13197,7440,10.8,10.5,2025
GA,Meriwether,13199,20931,11.0,9.9,2025
GA,Miller,13201,5747,11.0,10.7,2025
GA,Mitchell,13205,21114,11.2,9.8,2025
GA,Monroe,13207,30625,10.1,7.1,2025
GA,Montgomery,13209,8761,10.5,8.7,2025
GA,Morgan,13211,21460,9.9,6.8,2025
GA,Murray,13213,41035,10.2,8.4,2025
GA,Muscogee,13215,201877,10.9,7.1,2025
GA,Newton,13217,120135,11.0,6.6,2025
GA,Oconee,13219,44182,8.9,4.8,2025
GA,Oglethorpe,13221,15754,10.1,8.0,2025
GA,Paulding,13223,183164,10.1,5.5,2025
GA,Peach,13225,28805,10.6,7.1,2025
GA,Pickens,13227,35969,10.0,8.5,2025
GA,Pierce,13229,20425,10.5,9.3,2025
GA,Pike,13231,20461,10.1,7.1,2025
GA,Polk,13233,44223,10.5,8.9,2025
GA,Pulaski,13235,10095,11.5,10.2,2025
GA,Putnam,13237,23129,10.4,9.5,2025
GA,Quitman,13239,2280,11.1,13.1,2025
GA,Rabun,13241,17442,9.7,9.4,2025
GA,Randolph,13243,6078,12.0,13.7,2025
GA,Richmond,13245,205414,11.5,7.5,2025
GA,Rockdale,13247,95987,11.1,6.8,2025
GA,Schley,13249,4526,10.5,8.5,2025
GA,Screven,13251,14174,11.0,9.7,2025
GA,Seminole,13253,9092,10.8,10.2,2025
GA,Spalding,13255,69946,10.8,8.8,2025
GA,Stephens,13257,27228,10.5,9.6,2025
GA,Stewart,13259,4674,10.0,9.3,2025
GA,Sumter,13261,28890,11.3,8.6,2025
GA,Talbot,13263,5718,11.3,11.3,2025
GA,Taliaferro,13265,1609,10.9,10.8,2025
GA,Tattnall,13267,24296,10.4,9.5,2025
GA,Taylor,13269,7758,11.5,12.6,2025
GA,Telfair,13271,10920,10.7,12.0,2025
GA,Terrell,13273,8718,11.9,11.6,2025
GA,Thomas,13275,45649,10.7,8.5,2025
GA,Tift,13277,41554,10.7,8.6,2025
GA,Toombs,13279,27040,10.8,9.1,2025
GA,Towns,13281,13035,9.6,9.7,2025
GA,Treutlen,13283,6341,11.3,11.9,2025
GA,Troup,13285,70742,10.8,8.2,2025
GA,Turner,13287,8909,11.4,11.1,2025
GA,Twiggs,13289,7691,11.0,10.3,2025
GA,Union,13291,27124,9.6,9.9,2025
GA,Upson,13293,28263,10.9,9.5,2025
GA,Walker,13295,69489,10.2,8.8,2025
GA,Walton,13297,106702,10.3,7.3,2025
GA,Ware,13299,36243,10.9,10.0,2025
GA,Warren,13301,5106,11.4,10.5,2025
GA,Washington,13303,19820,11.1,9.7,2025
GA,Wayne,13305,31373,10.8,10.0,2025
GA,Webster,13307,2337,11.2,11.4,2025
GA,Wheeler,13309,7081,10.0,9.6,2025
GA,White,13311,29026,9.9,8.4,2025
GA,Whitfield,13313,103687,9.6,7.5,2025
GA,Wilcox,13315,8779,10.2,10.3,2025
GA,Wilkes,13317,9518,10.8,10.2,2025
GA,Wilkinson,13319,8725,10.9,9.7,2025
GA,Worth,13321,20273,10.9,10.1,2025
HI,Hawaii,15001,207615,11.0,7.1,2025
HI,Honolulu,15003,989408,9.5,4.7,2025
HI,Kalawao,15005,81,10.2,9.8,2025
HI,Kauai,15007,73851,10.0,6.0,2025
HI,Maui,15009,164183,10.3,5.9,2025
ID,Ada,16001,524673,10.3,5.3,2025
ID,Adams,16003,4903,10.8,10.0,2025
ID,Bannock,16005,90400,11.2,6.6,2025
ID,Bear Lake,16007,6766,10.9,8.1,2025
ID,Benewah,16009,10369,11.6,10.2,2025
ID,Bingham,16011,50395,11.0,7.1,2025
ID,Blaine,16013,25041,9.9,6.1,2025
ID,Boise,16015,8517,10.5,7.7,2025
ID,Bonner,16017,52547,10.7,8.4,2025
ID,Bonneville,16019,131366,10.6,6.0,2025
ID,Boundary,16021,13557,11.2,9.3,2025
ID,Butte,16023,2758,11.5,11.8,2025
ID,Camas,16025,1232,10.5,7.8,2025
ID,Canyon,16027,257674,10.8,6.6,2025
ID,Caribou,16029,7219,10.7,7.3,2025
ID,Cassia,16031,25696,10.6,6.9,2025
ID,Clark,16033,801,10.4,8.3,2025
ID,Clearwater,16035,9214,10.5,9.3,2025
ID,Custer,16037,4523,10.5,9.1,2025
ID,Elmore,16039,29724,10.7,7.1,2025
ID,Franklin,16041,15494,10.7,6.6,2025
ID,Fremont,16043,14196,10.5,7.1,2025
ID,Gem,16045,21071,10.7,7.8,2025
ID,Gooding,16047,16061,10.7,8.7,2025
ID,Idaho,16049,17890,10.6,9.1,2025
ID,Jefferson,16051,34198,10.7,6.0,2025
ID,Jerome,16053,25479,10.8,8.0,2025
ID,Kootenai,16055,185010,10.7,7.2,2025
ID,Latah,16057,41301,10.7,5.5,2025
ID,Lemhi,16059,8441,10.8,9.2,2025
ID,Lewis,16061,3739,11.3,10.9,2025
ID,Lincoln,16063,5450,10.6,7.3,2025
ID,Madison,16065,54547,12.1,4.4,2025
ID,Minidoka,16067,22480,10.3,7.3,2025
ID,Nez Perce,16069,42987,11.4,7.9,2025
ID,Oneida,16071,4953,10.5,7.2,2025
ID,Owyhee,16073,12722,11.0,9.3,2025
ID,Payette,16075,27279,10.9,8.4,2025
ID,Power,16077,8253,10.5,7.9,2025
ID,Shoshone,16079,14026,11.3,9.9,2025
ID,Teton,16081,12549,10.0,5.4,2025
ID,Twin Falls,16083,95156,11.1,7.3,2025
ID,Valley,16085,12644,10.7,8.6,2025
ID,Washington,16087,11425,11.1,10.0,2025
IL,Adams,17001,64441,10.3,8.1,2025
IL,Alexander,17003,4695,11.7,12.1,2025
IL,Bond,17005,16450,10.5,8.0,2025
IL,Boone,17007,53202,10.0,7.4,2025
IL,Brown,17009,6294,10.0,8.0,2025
IL,Bureau,17011,32729,10.2,8.9,2025
IL,Calhoun,17013,4317,10.1,7.8,2025
IL,Carroll,17015,15526,10.1,9.0,2025
IL,Cass,17017,12596,10.2,8.6,2025
IL,Champaign,17019,205644,10.1,5.6,2025
IL,Christian,17021,33228,10.3,8.6,2025
IL,Clark,17023,15088,10.3,8.3,2025
IL,Clay,17025,12999,10.8,10.3,2025
IL,Clinton,17027,36785,10.3,7.4,2025
IL,Coles,17029,46060,10.8,8.2,2025
IL,Cook,17031,5087072,9.8,5.7,2025
IL,Crawford,17033,18300,10.4,8.4,2025
IL,Cumberland,17035,10261,10.3,8.1,2025
IL,DeKalb,17037,100288,10.4,6.3,2025
IL,De Witt,17039,15365,10.4,8.4,2025
IL,Douglas,17041,19629,10.4,8.0,2025
IL,DuPage,17043,921213,8.9,5.0,2025
IL,Edgar,17045,16334,10.5,9.8,2025
IL,Edwards,17047,5968,10.8,10.3,2025
IL,Effingham,17049,34331,10.2,7.7,2025
IL,Fayette,17051,21164,10.4,9.2,2025
IL,Ford,17053,13250,10.6,8.7,2025
IL,Franklin,17055,37138,10.9,10.2,2025
IL,Fulton,17057,32541,10.5,9.2,2025
IL,Gallatin,17059,4670,10.8,10.9,2025
IL,Greene,17061,11543,10.7,9.7,2025
IL,Grundy,17063,53578,10.1,6.4,2025
IL,Hamilton,17065,7911,10.7,10.1,2025
IL,Hancock,17067,17186,10.3,9.0,2025
IL,Hardin,17069,3569,10.6,10.5,2025
IL,Henderson,17071,6088,10.2,9.6,2025
IL,Henry,17073,48448,10.2,7.8,2025
IL,Iroquois,17075,26136,10.5,9.7,2025
IL,Jackson,17077,52141,10.8,7.7,2025
IL,Jasper,17079,9144,10.2,8.1,2025
IL,Jefferson,17081,36320,10.6,8.8,2025
IL,Jersey,17083,21091,10.3,7.9,2025
IL,Jo Daviess,17085,21756,9.9,8.6,2025
IL,Johnson,17087,13326,10.2,8.9,2025
IL,Kane,17089,514982,9.3,5.7,2025
IL,Kankakee,17091,105940,10.7,7.9,2025
IL,Kendall,17093,139976,9.5,4.7,2025
IL,Knox,17095,48411,10.6,9.4,2025
IL,Lake,17097,708760,9.1,5.4,2025
IL,LaSalle,17099,108309,10.3,8.2,2025
IL,Lawrence,17101,14813,10.5,9.2,2025
IL,Lee,17103,33654,10.2,8.4,2025
IL,Livingston,17105,35320,10.5,8.4,2025
IL,Logan,17107,27590,10.4,7.9,2025
IL,McDonough,17109,26839,10.6,7.9,2025
IL,McHenry,17111,312800,9.6,5.9,2025
IL,McLean,17113,170441,10.3,5.6,2025
IL,Macon,17115,100591,10.8,8.5,2025
IL,Macoupin,17117,44018,10.6,9.1,2025
IL,Madison,17119,262752,10.5,7.2,2025
IL,Marion,17121,36673,10.8,9.5,2025
IL,Marshall,17123,11683,10.4,8.9,2025
IL,Mason,17125,12523,10.5,9.4,2025
IL,Massac,17127,13661,10.9,9.7,2025
IL,Menard,17129,11954,10.4,7.9,2025
IL,Mercer,17131,15487,10.3,8.6,2025
IL,Monroe,17133,34957,9.9,6.2,2025
IL,Montgomery,17135,27663,10.3,8.9,2025
IL,Morgan,17137,32140,10.5,8.8,2025
IL,Moultrie,17139,14342,10.7,8.6,2025
IL,Ogle,17141,51265,10.1,7.8,2025
IL,Peoria,17143,177513,10.6,7.5,2025
IL,Perry,17145,20503,10.5,9.5,2025
IL,Piatt,17147,16714,10.0,6.9,2025
IL,Pike,17149,14342,10.6,9.7,2025
IL,Pope,17151,3707,10.3,9.9,2025
IL,Pulaski,17153,4911,11.6,11.6,2025
IL,Putnam,17155,5561,9.9,7.8,2025
IL,Randolph,17157,29815,10.4,8.9,2025
IL,Richland,17159,15488,10.5,8.9,2025
IL,Rock Island,17161,141236,10.5,8.1,2025
IL,St. Clair,17163,251018,11.1,7.2,2025
IL,Saline,17165,22873,10.9,9.7,2025
IL,Sangamon,17167,193491,10.5,7.3,2025
IL,Schuyler,17169,6733,10.3,9.8,2025
IL,Scott,17171,4710,10.4,8.6,2025
IL,Shelby,17173,20568,10.4,9.0,2025
IL,Stark,17175,5218,10.3,8.8,2025
IL,Stephenson,17177,43105,10.6,9.1,2025
IL,Tazewell,17179,129541,10.3,7.3,2025
IL,Union,17181,16667,10.7,10.1,2025
IL,Vermilion,17183,71652,10.9,9.7,2025
IL,Wabash,17185,10942,10.6,9.4,2025
IL,Warren,17187,16185,10.4,8.2,2025
IL,Washington,17189,13536,10.2,7.8,2025
IL,Wayne,17191,15761,10.7,10.0,2025
IL,White,17193,13401,10.9,11.0,2025
IL,Whiteside,17195,54498,10.2,8.3,2025
IL,Will,17197,700728,9.7,5.6,2025
IL,Williamson,17199,66706,10.5,8.2,2025
IL,Winnebago,17201,280922,10.6,8.3,2025
IL,Woodford,17203,38285,10.1,6.8,2025
IN,Adams,18001,36288,11.7,10.4,2025
IN,Allen,18003,394545,11.2,7.6,2025
IN,Bartholomew,18005,84003,10.6,7.6,2025
IN,Benton,18007,8729,11.5,10.0,2025
IN,Blackford,18009,11893,11.7,12.1,2025
IN,Boone,18011,76120,10.4,5.9,2025
IN,Brown,18013,15653,10.9,9.5,2025
IN,Carroll,18015,20525,11.1,9.5,2025
IN,Cass,18017,37666,11.1,10.0,2025
IN,Clark,18019,125467,11.3,8.1,2025
IN,Clay,18021,26460,11.4,9.6,2025
IN,Clinton,18023,32730,11.0,8.9,2025
IN,Crawford,18025,10438,11.9,13.8,2025
IN,Daviess,18027,33656,11.7,10.2,2025
IN,Dearborn,18029,51215,10.9,8.3,2025
IN,Decatur,18031,26399,11.1,8.5,2025
IN,DeKalb,18033,44198,11.2,8.6,2025
IN,Delaware,18035,112321,12.0,9.1,2025
IN,Dubois,18037,43546,10.9,8.5,2025
IN,Elkhart,18039,206409,11.3,8.8,2025
IN,Fayette,18041,23362,11.8,11.4,2025
IN,Floyd,18043,80809,11.3,7.8,2025
IN,Fountain,18045,16731,11.5,10.0,2025
IN,Franklin,18047,23096,11.2,9.1,2025
IN,Fulton,18049,20358,11.4,10.2,2025
IN,Gibson,18051,32904,11.2,9.0,2025
IN,Grant,18053,66200,11.7,10.1,2025
IN,Greene,18055,31196,11.5,10.5,2025
IN,Hamilton,18057,371645,10.2,4.7,2025
IN,Hancock,18059,86166,11.0,6.7,2025
IN,Harrison,18061,40006,11.2,8.7,2025
IN,Hendricks,18063,186387,10.7,6.1,2025
IN,Henry,18065,48929,11.4,9.6,2025
IN,Howard,18067,83831,11.6,9.4,2025
IN,Huntington,18069,36781,11.2,8.8,2025
IN,Jackson,18071,46460,10.8,8.8,2025
IN,Jasper,18073,33535,10.9,8.4,2025
IN,Jay,18075,20032,11.6,11.0,2025
IN,Jefferson,18077,33056,11.5,9.2,2025
IN,Jennings,18079,27622,11.5,9.9,2025
IN,Johnson,18081,167819,10.9,6.9,2025
IN,Knox,18083,36070,11.3,9.3,2025
IN,Kosciusko,18085,80364,11.0,8.5,2025
IN,LaGrange,18087,40907,11.9,9.8,2025
IN,Lake,18089,500598,11.5,8.4,2025
IN,LaPorte,18091,111706,11.0,9.2,2025
IN,Lawrence,18093,45084,11.4,9.5,2025
IN,Madison,18095,132504,11.5,9.2,2025
IN,Marion,18097,968460,11.8,7.3,2025
IN,Marshall,18099,46352,11.1,9.4,2025
IN,Martin,18101,9897,11.5,10.3,2025
IN,Miami,18103,35402,11.2,9.9,2025
IN,Monroe,18105,139342,11.0,6.4,2025
IN,Montgomery,18107,38573,11.1,9.6,2025
IN,Morgan,18109,73227,11.1,8.7,2025
IN,Newton,18111,13960,11.2,10.0,2025
IN,Noble,18113,47430,11.2,8.9,2025
IN,Ohio,18115,6004,11.1,9.6,2025
IN,Orange,18117,19638,11.5,10.5,2025
IN,Owen,18119,21532,11.5,10.3,2025
IN,Parke,18121,16484,12.2,11.8,2025
IN,Perry,18123,19209,11.0,9.2,2025
IN,Pike,18125,12106,11.2,10.2,2025
IN,Porter,18127,175335,10.9,7.4,2025
IN,Posey,18129,25040,10.9,8.5,2025
IN,Pulaski,18131,12385,11.2,10.2,2025
IN,Putnam,18133,37567,11.3,8.3,2025
IN,Randolph,18135,24216,11.3,10.3,2025
IN,Ripley,18137,29227,11.2,8.7,2025
IN,Rush,18139,16847,11.6,10.1,2025
IN,St. Joseph,18141,272848,11.1,7.8,2025
IN,Scott,18143,24657,11.7,10.4,2025
IN,Shelby,18145,45231,11.2,9.2,2025
IN,Spencer,18147,19910,10.9,8.6,2025
IN,Starke,18149,23206,11.4,10.9,2025
IN,Steuben,18151,34917,11.1,8.8,2025
IN,Sullivan,18153,20757,11.3,10.3,2025
IN,Switzerland,18155,10019,11.5,10.9,2025
IN,Tippecanoe,18157,188792,10.7,6.4,2025
IN,Tipton,18159,15256,11.0,8.9,2025
IN,Union,18161,6973,11.2,8.6,2025
IN,Vanderburgh,18163,179810,11.5,8.6,2025
IN,Vermillion,18165,15417,11.5,10.1,2025
IN,Vigo,18167,106153,11.6,9.5,2025
IN,Wabash,18169,30670,11.3,9.7,2025
IN,Warren,18171,8518,11.2,9.6,2025
IN,Warrick,18173,65867,10.7,6.8,2025
IN,Washington,18175,28205,11.7,10.6,2025
IN,Wayne,18177,66127,11.8,10.3,2025
IN,Wells,18179,28555,11.0,8.5,2025
IN,White,18181,24917,11.0,9.5,2025
IN,Whitley,18183,34742,11.0,8.5,2025
IA,Adair,19001,7389,10.0,8.7,2025
IA,Adams,19003,3544,9.9,8.4,2025
IA,Allamakee,19005,14074,9.8,8.6,2025
IA,Appanoose,19007,12119,10.7,10.8,2025
IA,Audubon,19009,5534,10.0,9.0,2025
IA,Benton,19011,25796,9.8,7.1,2025
IA,Black Hawk,19013,130471,10.4,7.0,2025
IA,Boone,19015,26590,9.8,6.8,2025
IA,Bremer,19017,25307,9.6,6.3,2025
IA,Buchanan,19019,20691,10.0,7.0,2025
IA,Buena Vista,19021,20567,9.4,7.2,2025
IA,Butler,19023,14172,9.9,8.3,2025
IA,Calhoun,19025,9763,9.8,8.0,2025
IA,Carroll,19027,20522,9.8,7.7,2025
IA,Cass,19029,13130,10.2,9.2,2025
IA,Cedar,19031,18302,10.0,7.4,2025
IA,Cerro Gordo,19033,42406,10.0,8.0,2025
IA,Cherokee,19035,11605,10.0,9.0,2025
IA,Chickasaw,19037,11658,9.7,8.0,2025
IA,Clarke,19039,9588,10.2,9.4,2025
IA,Clay,19041,16511,9.9,7.8,2025
IA,Clayton,19043,16969,10.0,9.7,2025
IA,Clinton,19045,46158,10.2,8.5,2025
IA,Crawford,19047,16013,9.6,8.4,2025
IA,Dallas,19049,111092,9.2,4.5,2025
IA,Davis,19051,9169,10.3,8.5,2025
IA,Decatur,19053,7665,10.2,8.5,2025
IA,Delaware,19055,17600,9.9,8.3,2025
IA,Des Moines,19057,38253,10.0,7.9,2025
IA,Dickinson,19059,18056,9.7,7.5,2025
IA,Dubuque,19061,98887,9.9,6.8,2025
IA,Emmet,19063,9229,9.9,8.4,2025
IA,Fayette,19065,19210,9.9,8.6,2025
IA,Floyd,19067,15326,10.0,8.3,2025
IA,Franklin,19069,9875,10.0,9.0,2025
IA,Fremont,19071,6458,10.0,8.1,2025
IA,Greene,19073,8584,10.1,8.6,2025
IA,Grundy,19075,12384,9.7,6.8,2025
IA,Guthrie,19077,10722,9.8,7.6,2025
IA,Hamilton,19079,14729,9.8,7.3,2025
IA,Hancock,19081,10615,9.8,8.1,2025
IA,Hardin,19083,16463,10.0,8.3,2025
IA,Harrison,19085,14670,9.9,7.8,2025
IA,Henry,19087,19547,9.7,7.8,2025
IA,Howard,19089,9376,10.0,8.3,2025
IA,Humboldt,19091,9500,10.1,8.7,2025
IA,Ida,19093,6833,10.0,8.2,2025
IA,Iowa,19095,16381,9.9,7.3,2025
IA,Jackson,19097,19342,10.1,8.4,2025
IA,Jasper,19099,37919,10.0,7.6,2025
IA,Jefferson,19101,15440,9.6,8.1,2025
IA,Johnson,19103,157528,9.8,5.0,2025
IA,Jones,19105,20900,9.8,7.7,2025
IA,Keokuk,19107,9914,10.2,8.9,2025
IA,Kossuth,19109,14396,9.8,8.2,2025
IA,Lee,19111,32565,10.2,8.6,2025
IA,Linn,19113,228972,10.3,6.5,2025
IA,Louisa,19115,10513,9.8,7.7,2025
IA,Lucas,19117,8747,10.3,9.6,2025
IA,Lyon,19119,12324,10.3,7.3,2025
IA,Madison,19121,16971,9.8,6.4,2025
IA,Mahaska,19123,21874,10.1,7.8,2025
IA,Marion,19125,33770,9.6,6.4,2025
IA,Marshall,19127,40014,9.5,7.2,2025
IA,Mills,19129,14633,9.8,6.7,2025
IA,Mitchell,19131,10518,9.9,7.9,2025
IA,Monona,19133,8493,10.1,8.8,2025
IA,Monroe,19135,7504,10.0,7.5,2025
IA,Montgomery,19137,10139,10.2,8.6,2025
IA,Muscatine,19139,42218,9.8,7.4,2025
IA,O'Brien,19141,14012,10.1,8.4,2025
IA,Osceola,19143,5978,10.0,9.3,2025
IA,Page,19145,15014,10.0,9.1,2025
IA,Palo Alto,19147,8810,9.9,7.8,2025
IA,Plymouth,19149,25722,9.7,6.8,2025
IA,Pocahontas,19151,6976,10.0,8.6,2025
IA,Polk,19153,505255,9.8,5.8,2025
IA,Pottawattamie,19155,93179,10.4,7.8,2025
IA,Poweshiek,19157,18453,9.9,7.5,2025
IA,Ringgold,19159,4642,9.9,7.7,2025
IA,Sac,19161,9686,9.9,8.1,2025
IA,Scott,19163,174270,10.5,6.7,2025
IA,Shelby,19165,11806,10.0,7.9,2025
IA,Sioux,19167,36246,9.6,6.0,2025
IA,Story,19169,98566,9.7,4.8,2025
IA,Tama,19171,16833,10.2,8.8,2025
IA,Taylor,19173,5924,9.8,8.3,2025
IA,Union,19175,11906,10.1,7.9,2025
IA,Van Buren,19177,7266,10.5,9.8,2025
IA,Wapello,19179,35166,10.3,8.6,2025
IA,Warren,19181,55205,9.7,5.7,2025
IA,Washington,19183,22560,9.8,7.6,2025
IA,Wayne,19185,6557,10.2,9.1,2025
IA,Webster,19187,36485,10.1,7.7,2025
IA,Winnebago,19189,10571,9.9,7.4,2025
IA,Winneshiek,19191,19815,9.6,6.6,2025
IA,Woodbury,19193,105951,9.8,7.3,2025
IA,Worth,19195,7297,9.8,7.8,2025
IA,Wright,19197,12656,9.9,8.7,2025
KS,Allen,20001,12412,10.3,8.5,2025
KS,Anderson,20003,7838,10.3,9.3,2025
KS,Atchison,20005,16016,10.4,7.6,2025
KS,Barber,20007,4071,10.1,9.4,2025
KS,Barton,20009,24899,10.1,9.0,2025
KS,Bourbon,20011,14408,10.4,8.9,2025
KS,Brown,20013,9250,10.5,9.0,2025
KS,Butler,20015,68632,10.2,6.6,2025
KS,Chase,20017,2579,10.0,9.3,2025
KS,Chautauqua,20019,3347,10.6,10.9,2025
KS,Cherokee,20021,19054,10.8,9.7,2025
KS,Cheyenne,20023,2636,10.1,10.3,2025
KS,Clark,20025,1847,9.9,7.6,2025
KS,Clay,20027,8007,10.1,8.8,2025
KS,Cloud,20029,8854,10.2,8.4,2025
KS,Coffey,20031,8251,10.2,8.5,2025
KS,Comanche,20033,1655,10.1,8.7,2025
KS,Cowley,20035,34157,10.2,8.0,2025
KS,Crawford,20037,38764,10.5,7.9,2025
KS,Decatur,20039,2712,9.8,8.5,2025
KS,Dickinson,20041,18445,10.1,7.8,2025
KS,Doniphan,20043,7493,10.2,7.5,2025
KS,Douglas,20045,120553,10.1,5.3,2025
KS,Edwards,20047,2733,10.0,8.8,2025
KS,Elk,20049,2467,10.4,11.1,2025
KS,Ellis,20051,28810,9.9,6.6,2025
KS,Ellsworth,20053,6357,9.4,7.4,2025
KS,Finney,20055,37466,9.7,6.5,2025
KS,Ford,20057,33980,9.3,6.6,2025
KS,Franklin,20059,26125,10.4,7.7,2025
KS,Geary,20061,35047,10.3,5.9,2025
KS,Gove,20063,2735,9.9,8.1,2025
KS,Graham,20065,2376,10.1,9.4,2025
KS,Grant,20067,7147,9.0,5.5,2025
KS,Gray,20069,5743,10.2,7.6,2025
KS,Greeley,20071,1181,9.6,6.9,2025
KS,Greenwood,20073,5870,10.3,9.9,2025
KS,Hamilton,20075,2437,9.3,6.5,2025
KS,Harper,20077,5435,10.4,10.6,2025
KS,Harvey,20079,33504,10.0,7.2,2025
KS,Haskell,20081,3630,9.9,7.9,2025
KS,Hodgeman,20083,1655,9.5,6.9,2025
KS,Jackson,20085,13368,10.3,7.9,2025
KS,Jefferson,20087,18327,9.9,7.3,2025
KS,Jewell,20089,2847,10.1,11.0,2025
KS,Johnson,20091,622237,9.3,4.6,2025
KS,Kearny,20093,3823,9.7,7.3,2025
KS,Kingman,20095,7066,10.2,8.2,2025
KS,Kiowa,20097,2374,9.9,7.7,2025
KS,Labette,20099,19728,10.7,9.4,2025
KS,Lane,20101,1529,10.1,8.3,2025
KS,Leavenworth,20103,83518,10.0,6.0,2025
KS,Lincoln,20105,2920,10.1,9.6,2025
KS,Linn,20107,9860,10.2,8.4,2025
KS,Logan,20109,2665,10.1,8.4,2025
KS,Lyon,20111,32172,10.0,7.2,2025
KS,McPherson,20113,30091,9.9,6.8,2025
KS,Marion,20115,11690,10.0,8.2,2025
KS,Marshall,20117,9933,10.2,9.1,2025
KS,Meade,20119,3911,10.0,8.0,2025
KS,Miami,20121,35320,9.8,6.7,2025
KS,Mitchell,20123,5719,10.1,8.4,2025
KS,Montgomery,20125,30568,10.7,9.4,2025
KS,Morris,20127,5334,9.9,8.9,2025
KS,Morton,20129,2580,10.0,8.8,2025
KS,Nemaha,20131,10114,9.9,7.6,2025
KS,Neosho,20133,15420,10.3,8.9,2025
KS,Ness,20135,2618,9.8,8.7,2025
KS,Norton,20137,5330,9.8,8.6,2025
KS,Osage,20139,15824,10.1,8.4,2025
KS,Osborne,20141,3427,10.0,9.3,2025
KS,Ottawa,20143,5818,10.0,8.2,2025
KS,Pawnee,20145,6126,9.8,8.1,2025
KS,Phillips,20147,4761,10.1,9.3,2025
KS,Pottawatomie,20149,26382,9.7,6.1,2025
KS,Pratt,20151,9082,9.9,7.7,2025
KS,Rawlins,20153,2463,10.1,9.9,2025
KS,Reno,20155,61497,10.2,8.3,2025
KS,Republic,20157,4627,10.1,9.9,2025
KS,Rice,20159,9260,9.9,7.4,2025
KS,Riley,20161,71402,10.1,4.9,2025
KS,Rooks,20163,4778,10.0,8.2,2025
KS,Rush,20165,2830,10.1,9.4,2025
KS,Russell,20167,6723,10.5,9.8,2025
KS,Saline,20169,53098,9.9,7.6,2025
KS,Scott,20171,4922,9.5,6.9,2025
KS,Sedgwick,20173,528469,10.0,7.1,2025
KS,Seward,20175,21067,9.2,6.0,2025
KS,Shawnee,20177,177746,10.5,7.4,2025
KS,Sheridan,20179,2423,9.8,7.5,2025
KS,Sherman,20181,5844,9.9,7.8,2025
KS,Smith,20183,3590,9.8,8.7,2025
KS,Stafford,20185,3909,10.1,8.4,2025
KS,Stanton,20187,1901,9.7,8.3,2025
KS,Stevens,20189,5077,10.1,9.1,2025
KS,Sumner,20191,22334,10.1,8.3,2025
KS,Thomas,20193,7865,9.9,6.5,2025
KS,Trego,20195,2731,9.7,7.8,2025
KS,Wabaunsee,20197,7057,9.9,7.3,2025
KS,Wallace,20199,1509,10.0,9.0,2025
KS,Washington,20201,5504,9.7,8.0,2025
KS,Wichita,20203,2082,9.5,8.6,2025
KS,Wilson,20205,8382,10.4,9.6,2025
KS,Woodson,20207,3115,10.2,9.4,2025
KS,Wyandotte,20209,165281,10.1,7.4,2025
LA,Acadia,22001,56489,10.8,11.2,2025
LA,Allen,22003,22112,10.1,9.7,2025
LA,Ascension,22005,131632,9.7,6.6,2025
LA,Assumption,22007,20160,10.6,10.5,2025
LA,Avoyelles,22009,38408,11.1,12.0,2025
LA,Beauregard,22011,36827,10.3,8.9,2025
LA,Bienville,22013,12366,11.2,13.4,2025
LA,Bossier,22015,129795,10.1,7.6,2025
LA,Caddo,22017,226386,10.8,9.4,2025
LA,Calcasieu,22019,203761,10.2,8.1,2025
LA,Caldwell,22021,9389,10.5,11.7,2025
LA,Cameron,22023,4768,9.8,8.8,2025
LA,Catahoula,22025,8414,10.6,11.6,2025
LA,Claiborne,22027,13670,11.0,14.2,2025
LA,Concordia,22029,17688,11.1,12.4,2025
LA,De Soto,22031,27114,10.9,10.5,2025
LA,East Baton Rouge,22033,448467,10.3,6.8,2025
LA,East Carroll,22035,6829,11.6,13.3,2025
LA,East Feliciana,22037,19229,10.1,8.6,2025
LA,Evangeline,22039,31754,10.9,11.1,2025
LA,Franklin,22041,19285,11.1,12.5,2025
LA,Grant,22043,21911,9.8,9.0,2025
LA,Iberia,22045,67659,10.8,10.4,2025
LA,Iberville,22047,29617,10.6,8.9,2025
LA,Jackson,22049,14746,10.5,11.2,2025
LA,Jefferson,22051,421777,9.8,7.7,2025
LA,Jefferson Davis,22053,31553,10.4,9.9,2025
LA,Lafayette,22055,249750,9.7,7.2,2025
LA,Lafourche,22057,95056,10.2,9.5,2025
LA,LaSalle,22059,14800,9.7,8.4,2025
LA,Lincoln,22061,47962,10.8,8.0,2025
LA,Livingston,22063,150145,9.9,7.8,2025
LA,Madison,22065,9246,12.1,13.5,2025
LA,Morehouse,22067,23955,11.5,12.3,2025
LA,Natchitoches,22069,36291,10.9,9.0,2025
LA,Orleans,22071,364136,10.5,7.3,2025
LA,Ouachita,22073,157568,10.9,8.8,2025
LA,Plaquemines,22075,22386,9.9,7.6,2025
LA,Pointe Coupee,22077,20000,10.6,10.2,2025
LA,Rapides,22079,126260,10.6,9.2,2025
LA,Red River,22081,7356,11.1,12.3,2025
LA,Richland,22083,19712,11.0,11.0,2025
LA,Sabine,22085,21906,10.7,11.5,2025
LA,St. Bernard,22087,44463,10.6,9.1,2025
LA,St. Charles,22089,50620,9.9,7.1,2025
LA,St. Helena,22091,10774,11.3,11.5,2025
LA,St. James,22093,19191,10.5,8.3,2025
LA,St. John the Baptist,22095,39592,10.7,7.8,2025
LA,St. Landry,22097,81464,11.2,11.2,2025
LA,St. Martin,22099,51057,10.5,9.7,2025
LA,St. Mary,22101,47055,10.7,10.8,2025
LA,St. Tammany,22103,275583,9.5,7.2,2025
LA,Tangipahoa,22105,138064,10.5,8.7,2025
LA,Tensas,22107,3764,11.3,14.6,2025
LA,Terrebonne,22109,103616,10.4,9.0,2025
LA,Union,22111,20650,10.5,11.9,2025
LA,Vermilion,22113,56992,10.3,10.0,2025
LA,Vernon,22115,46250,10.0,8.1,2025
LA,Washington,22117,44865,10.8,11.3,2025
LA,Webster,22119,35238,11.2,12.6,2025
LA,West Baton Rouge,22121,28266,10.4,7.2,2025
LA,West Carroll,22123,9323,10.4,11.1,2025
LA,West Feliciana,22125,15371,9.1,6.9,2025
LA,Winn,22127,13216,10.2,10.3,2025
ME,Androscoggin,23001,113765,13.2,8.9,2025
ME,Aroostook,23003,67351,13.4,11.0,2025
ME,Cumberland,23005,310230,11.8,6.1,2025
ME,Franklin,23007,30828,13.2,9.2,2025
ME,Hancock,23009,56526,12.1,8.3,2025
ME,Kennebec,23011,127259,12.5,8.9,2025
ME,Knox,23013,40977,11.9,8.6,2025
ME,Lincoln,23015,36507,12.1,8.6,2025
ME,Oxford,23017,59905,13.4,10.7,2025
ME,Penobscot,23019,155312,13.3,8.6,2025
ME,Piscataquis,23021,17486,12.6,11.2,2025
ME,Sagadahoc,23023,37513,12.3,8.1,2025
ME,Somerset,23025,51302,13.5,11.3,2025
ME,Waldo,23027,40620,13.3,8.9,2025
ME,Washington,23029,31555,13.2,11.3,2025
ME,York,23031,218586,12.7,7.8,2025
MD,Allegany,24001,67273,11.3,9.7,2025
MD,Anne Arundel,24003,594582,10.0,5.2,2025
MD,Baltimore,24005,844703,11.0,6.5,2025
MD,Calvert,24009,94728,10.5,5.9,2025
MD,Caroline,24011,33593,11.8,9.5,2025
MD,Carroll,24013,176639,10.1,5.9,2025
MD,Cecil,24015,105672,10.5,7.7,2025
MD,Charles,24017,171973,10.7,5.5,2025
MD,Dorchester,24019,32879,11.5,9.9,2025
MD,Frederick,24021,293391,9.5,5.1,2025
MD,Garrett,24023,28423,11.1,9.3,2025
MD,Harford,24025,264644,10.2,6.1,2025
MD,Howard,24027,336001,9.1,4.0,2025
MD,Kent,24029,19303,10.6,8.1,2025
MD,Montgomery,24031,1058474,9.2,4.5,2025
MD,Prince George's,24033,947430,11.5,5.5,2025
MD,Queen Anne's,24035,52508,9.9,6.8,2025
MD,St. Mary's,24037,115281,10.7,5.9,2025
MD,Somerset,24039,24910,11.7,8.7,2025
MD,Talbot,24041,37823,10.3,8.0,2025
MD,Washington,24043,155813,10.7,8.4,2025
MD,Wicomico,24045,104800,11.1,7.4,2025
MD,Worcester,24047,54171,10.1,8.0,2025
MD,Baltimore,24510,565239,12.7,7.3,2025
MA,Barnstable,25001,231735,11.5,7.3,2025
MA,Berkshire,25003,126818,12.0,7.7,2025
MA,Bristol,25005,581841,12.6,7.6,2025
MA,Dukes,25007,20819,11.5,6.8,2025
MA,Essex,25009,810089,11.5,6.3,2025
MA,Franklin,25011,70836,11.8,7.7,2025
MA,Hampden,25013,460291,12.7,7.7,2025
MA,Hampshire,25015,162502,12.1,5.6,2025
MA,Middlesex,25017,1623952,11.1,4.6,2025
MA,Nantucket,25019,14444,10.9,4.6,2025
MA,Norfolk,25021,727473,10.7,4.9,2025
MA,Plymouth,25023,535308,12.1,6.4,2025
MA,Suffolk,25025,768425,11.4,5.1,2025
MA,Worcester,25027,866866,12.1,6.3,2025
MI,Alcona,26001,10489,11.2,11.9,2025
MI,Alger,26003,8757,11.1,9.6,2025
MI,Allegan,26005,121939,11.0,8.2,2025
MI,Alpena,26007,28904,11.9,11.4,2025
MI,Antrim,26009,24409,11.0,9.0,2025
MI,Arenac,26011,15145,11.7,11.4,2025
MI,Baraga,26013,8310,11.9,10.6,2025
MI,Barry,26015,63808,11.2,8.3,2025
MI,Bay,26017,102500,11.5,9.3,2025
MI,Benzie,26019,18441,11.0,9.0,2025
MI,Berrien,26021,152261,11.8,9.2,2025
MI,Branch,26023,45215,11.6,10.2,2025
MI,Calhoun,26025,133366,11.8,9.2,2025
MI,Cass,26027,51642,11.7,9.7,2025
MI,Charlevoix,26029,26159,11.2,8.6,2025
MI,Cheboygan,26031,26048,11.6,10.9,2025
MI,Chippewa,26033,36264,12.1,9.1,2025
MI,Clare,26035,31316,12.1,12.7,2025
MI,Clinton,26037,79720,11.2,7.3,2025
MI,Crawford,26039,13538,11.6,11.6,2025
MI,Delta,26041,36790,11.6,10.5,2025
MI,Dickinson,26043,25982,11.3,9.2,2025
MI,Eaton,26045,108820,11.4,7.5,2025
MI,Emmet,26047,34123,11.0,7.8,2025
MI,Genesee,26049,401522,12.3,9.5,2025
MI,Gladwin,26051,25853,11.8,11.9,2025
MI,Gogebic,26053,14224,11.5,11.3,2025
MI,Grand Traverse,26055,96421,11.0,7.4,2025
MI,Gratiot,26057,41368,11.3,8.8,2025
MI,Hillsdale,26059,45587,11.7,10.5,2025
MI,Houghton,26061,37599,11.1,7.6,2025
MI,Huron,26063,30927,11.5,10.8,2025
MI,Ingham,26065,284637,11.6,6.5,2025
MI,Ionia,26067,66262,11.2,8.1,2025
MI,Iosco,26069,25373,11.6,12.7,2025
MI,Iron,26071,11740,11.3,11.5,2025
MI,Isabella,26073,64118,12.2,8.2,2025
MI,Jackson,26075,159424,11.6,8.7,2025
MI,Kalamazoo,26077,262215,11.5,6.9,2025
MI,Kalkaska,26079,18490,11.8,10.5,2025
MI,Kent,26081,661354,11.0,6.4,2025
MI,Keweenaw,26083,2172,10.6,9.0,2025
MI,Lake,26085,12734,11.7,13.4,2025
MI,Lapeer,26087,88977,11.4,9.0,2025
MI,Leelanau,26089,23019,10.5,7.8,2025
MI,Lenawee,26091,97520,11.3,8.8,2025
MI,Livingston,26093,196757,11.0,6.8,2025
MI,Luce,26095,6435,11.2,10.1,2025
MI,Mackinac,26097,10851,12.0,11.7,2025
MI,Macomb,26099,875101,11.3,8.2,2025
MI,Manistee,26101,25562,11.4,10.2,2025
MI,Marquette,26103,66999,11.5,7.8,2025
MI,Mason,26105,29159,11.4,10.1,2025
MI,Mecosta,26107,41099,11.7,10.0,2025
MI,Menominee,26109,22945,11.4,10.6,2025
MI,Midland,26111,84039,11.0,7.7,2025
MI,Missaukee,26113,15311,11.6,10.3,2025
MI,Monroe,26115,155045,11.7,8.6,2025
MI,Montcalm,26117,68154,11.5,9.5,2025
MI,Montmorency,26119,9678,11.6,12.9,2025
MI,Muskegon,26121,176564,12.1,9.1,2025
MI,Newaygo,26123,51108,11.6,10.4,2025
MI,Oakland,26125,1270426,10.6,5.9,2025
MI,Oceana,26127,26981,11.3,10.0,2025
MI,Ogemaw,26129,20990,11.7,12.0,2025
MI,Ontonagon,26131,5906,11.2,12.4,2025
MI,Osceola,26133,23330,11.8,10.9,2025
MI,Oscoda,26135,8545,11.9,13.5,2025
MI,Otsego,26137,25747,11.4,9.1,2025
MI,Ottawa,26139,303372,10.9,6.4,2025
MI,Presque Isle,26141,13285,11.4,11.9,2025
MI,Roscommon,26143,23863,11.4,12.0,2025
MI,Saginaw,26145,187782,12.2,9.6,2025
MI,St. Clair,26147,159874,11.7,9.2,2025
MI,St. Joseph,26149,60878,11.6,9.6,2025
MI,Sanilac,26151,40368,11.6,10.7,2025
MI,Schoolcraft,26153,8149,11.9,11.9,2025
MI,Shiawassee,26155,68025,11.6,9.2,2025
MI,Tuscola,26157,52826,11.6,10.2,2025
MI,Van Buren,26159,75798,11.7,9.5,2025
MI,Washtenaw,26161,365536,10.6,5.4,2025
MI,Wayne,26163,1751169,12.3,9.2,2025
MI,Wexford,26165,34122,11.7,10.2,2025
MN,Aitkin,27001,16102,10.1,9.2,2025
MN,Anoka,27003,372441,9.9,5.2,2025
MN,Becker,27005,35283,10.1,7.2,2025
MN,Beltrami,27007,46718,11.2,6.9,2025
MN,Benton,27009,41600,10.3,5.9,2025
MN,Big Stone,27011,5105,10.0,7.8,2025
MN,Blue Earth,27013,70006,10.5,5.4,2025
MN,Brown,27015,25628,10.0,6.6,2025
MN,Carlton,27017,36825,10.5,6.4,2025
MN,Carver,27019,111057,9.5,4.3,2025
MN,Cass,27021,31446,10.2,8.2,2025
MN,Chippewa,27023,12172,10.0,7.6,2025
MN,Chisago,27025,58535,10.0,5.7,2025
MN,Clay,27027,66258,10.4,5.2,2025
MN,Clearwater,27029,8644,10.5,8.0,2025
MN,Cook,27031,5639,9.8,6.6,2025
MN,Cottonwood,27033,11319,9.8,7.6,2025
MN,Crow Wing,27035,68304,10.2,6.9,2025
MN,Dakota,27037,447440,9.8,4.6,2025
MN,Dodge,27039,21088,9.9,5.1,2025
MN,Douglas,27041,39953,10.0,6.4,2025
MN,Faribault,27043,13873,10.2,7.8,2025
MN,Fillmore,27045,21522,10.1,6.9,2025
MN,Freeborn,27047,30515,9.9,7.4,2025
MN,Goodhue,27049,48035,10.0,6.4,2025
MN,Grant,27051,6139,10.3,7.7,2025
MN,Hennepin,27053,1258713,9.6,4.4,2025
MN,Houston,27055,18582,10.0,6.4,2025
MN,Hubbard,27057,22132,9.9,7.3,2025
MN,Isanti,27059,43182,10.0,6.3,2025
MN,Itasca,27061,45365,10.2,7.5,2025
MN,Jackson,27063,9919,9.8,6.6,2025
MN,Kanabec,27065,16602,10.4,7.9,2025
MN,Kandiyohi,27067,43813,10.1,6.6,2025
MN,Kittson,27069,4060,9.9,7.1,2025
MN,Koochiching,27071,11751,10.1,7.7,2025
MN,Lac qui Parle,27073,6630,9.7,7.0,2025
MN,Lake,27075,10855,9.8,7.4,2025
MN,Lake of the Woods,27077,3778,9.9,7.3,2025
MN,Le Sueur,27079,29255,9.8,5.8,2025
MN,Lincoln,27081,5521,9.9,7.1,2025
MN,Lyon,27083,25427,10.0,6.2,2025
MN,McLeod,27085,36785,9.9,6.3,2025
MN,Mahnomen,27087,5280,12.5,10.2,2025
MN,Marshall,27089,8810,9.9,7.0,2025
MN,Martin,27091,19657,9.9,7.5,2025
MN,Meeker,27093,23490,9.9,6.8,2025
MN,Mille Lacs,27095,27427,10.5,7.1,2025
MN,Morrison,27097,34250,10.3,7.2,2025
MN,Mower,27099,40058,9.9,6.7,2025
MN,Murray,27101,8049,9.9,7.2,2025
MN,Nicollet,27103,34242,10.1,5.5,2025
MN,Nobles,27105,21727,9.5,7.3,2025
MN,Norman,27107,6329,10.1,7.3,2025
MN,Olmsted,27109,164784,9.7,4.7,2025
MN,Otter Tail,27111,60626,10.0,7.2,2025
MN,Pennington,27113,13714,10.3,6.3,2025
MN,Pine,27115,30197,10.1,7.8,2025
MN,Pipestone,27117,9245,10.2,7.5,2025
MN,Polk,27119,30412,10.2,6.7,2025
MN,Pope,27121,11400,10.0,7.1,2025
MN,Ramsey,27123,536075,10.1,5.2,2025
MN,Red Lake,27125,3911,10.1,6.8,2025
MN,Redwood,27127,15288,10.2,7.4,2025
MN,Renville,27129,14348,10.0,7.5,2025
MN,Rice,27131,67948,9.9,5.5,2025
MN,Rock,27133,9551,10.0,6.7,2025
MN,Roseau,27135,15252,10.0,6.8,2025
MN,St. Louis,27137,200514,10.5,6.5,2025
MN,Scott,27139,155814,9.5,4.3,2025
MN,Sherburne,27141,102206,9.8,4.9,2025
MN,Sibley,27143,15084,9.9,6.7,2025
MN,Stearns,27145,160977,10.3,5.8,2025
MN,Steele,27147,37421,9.9,6.1,2025
MN,Stevens,27149,9728,10.0,5.5,2025
MN,Swift,27151,9719,10.0,7.8,2025
MN,Todd,27153,25667,10.0,8.3,2025
MN,Traverse,27155,3136,10.1,7.7,2025
MN,Wabasha,27157,21683,9.9,6.5,2025
MN,Wadena,27159,14241,10.6,7.8,2025
MN,Waseca,27161,18981,10.3,6.5,2025
MN,Washington,27163,278936,9.3,4.5,2025
MN,Watonwan,27165,11077,9.6,6.9,2025
MN,Wilkin,27167,6306,10.3,7.3,2025
MN,Winona,27169,49721,10.3,5.8,2025
MN,Wright,27171,151150,10.0,4.9,2025
MN,Yellow Medicine,27173,9467,10.2,7.2,2025
MS,Adams,28001,28746,10.3,11.0,2025
MS,Alcorn,28003,34135,9.8,9.9,2025
MS,Amite,28005,12442,10.2,12.2,2025
MS,Attala,28007,17359,10.3,9.8,2025
MS,Benton,28009,7438,10.1,10.2,2025
MS,Bolivar,28011,28968,11.2,10.7,2025
MS,Calhoun,28013,12685,10.2,11.4,2025
MS,Carroll,28015,9535,9.8,11.3,2025
MS,Chickasaw,28017,16866,10.4,10.6,2025
MS,Choctaw,28019,8088,9.7,9.7,2025
MS,Claiborne,28021,8617,11.4,9.8,2025
MS,Clarke,28023,15228,10.1,10.6,2025
MS,Clay,28025,18206,10.6,10.3,2025
MS,Coahoma,28027,20077,11.4,11.1,2025
MS,Copiah,28029,27664,10.3,9.7,2025
MS,Covington,28031,18059,10.1,9.1,2025
MS,DeSoto,28033,193247,9.7,6.2,2025
MS,Forrest,28035,78208,10.0,7.4,2025
MS,Franklin,28037,7610,10.2,11.3,2025
MS,George,28039,25619,9.5,8.7,2025
MS,Greene,28041,13601,9.3,8.8,2025
MS,Grenada,28043,21065,10.3,9.9,2025
MS,Hancock,28045,46159,9.2,8.8,2025
MS,Harrison,28047,210612,9.6,8.0,2025
MS,Hinds,28049,214870,10.6,7.7,2025
MS,Holmes,28051,15777,11.5,11.6,2025
MS,Humphreys,28053,7216,11.7,13.4,2025
MS,Issaquena,28055,1256,9.7,9.5,2025
MS,Itawamba,28057,24093,9.5,8.2,2025
MS,Jackson,28059,146389,9.4,7.7,2025
MS,Jasper,28061,16013,10.2,10.0,2025
MS,Jefferson,28063,6941,11.2,11.5,2025
MS,Jefferson Davis,28065,10969,10.7,11.6,2025
MS,Jones,28067,66250,9.9,9.3,2025
MS,Kemper,28069,8584,10.4,9.5,2025
MS,Lafayette,28071,58467,9.5,6.2,2025
MS,Lamar,28073,66217,9.3,7.1,2025
MS,Lauderdale,28075,70527,10.3,9.7,2025
MS,Lawrence,28077,11741,10.5,11.8,2025
MS,Leake,28079,21258,10.4,9.7,2025
MS,Lee,28081,82799,9.8,7.3,2025
MS,Leflore,28083,26378,11.3,10.6,2025
MS,Lincoln,28085,34702,9.9,9.2,2025
MS,Lowndes,28087,57283,10.1,8.0,2025
MS,Madison,28089,112511,9.3,5.8,2025
MS,Marion,28091,24224,10.3,10.6,2025
MS,Marshall,28093,34123,10.4,10.5,2025
MS,Monroe,28095,33609,10.0,9.9,2025
MS,Montgomery,28097,9600,10.3,11.4,2025
MS,Neshoba,28099,28789,10.7,10.4,2025
MS,Newton,28101,21019,10.2,9.4,2025
MS,Noxubee,28103,9914,11.1,11.0,2025
MS,Oktibbeha,28105,51203,9.8,6.2,2025
MS,Panola,28107,32669,10.7,10.6,2025
MS,Pearl River,28109,57978,9.6,9.3,2025
MS,Perry,28111,11315,9.9,10.2,2025
MS,Pike,28113,39394,10.8,10.5,2025
MS,Pontotoc,28115,31535,9.8,8.6,2025
MS,Prentiss,28117,25135,9.9,9.1,2025
MS,Quitman,28119,5546,11.6,12.4,2025
MS,Rankin,28121,160417,9.1,6.4,2025
MS,Scott,28123,27507,10.4,10.5,2025
MS,Sharkey,28125,3336,11.3,13.3,2025
MS,Simpson,28127,25715,10.1,9.4,2025
MS,Smith,28129,14099,10.2,11.0,2025
MS,Stone,28131,18756,9.7,8.6,2025
MS,Sunflower,28133,24468,10.8,10.1,2025
MS,Tallahatchie,28135,11837,10.3,10.2,2025
MS,Tate,28137,28261,9.8,8.1,2025
MS,Tippah,28139,21287,9.8,9.8,2025
MS,Tishomingo,28141,18507,9.7,10.7,2025
MS,Tunica,28143,9234,11.7,11.2,2025
MS,Union,28145,28284,9.8,9.3,2025
MS,Walthall,28147,13863,10.3,10.4,2025
MS,Warren,28149,42298,10.1,8.2,2025
MS,Washington,28151,41946,11.3,11.1,2025
MS,Wayne,28153,19703,10.5,10.7,2025
MS,Webster,28155,9988,9.7,8.5,2025
MS,Wilkinson,28157,8058,10.5,10.5,2025
MS,Winston,28159,17416,10.3,11.0,2025
MS,Yalobusha,28161,12386,10.3,11.4,2025
MS,Yazoo,28163,25796,10.4,10.7,2025
MO,Adair,29001,25122,10.9,7.5,2025
MO,Andrew,29003,18127,10.3,8.1,2025
MO,Atchison,29005,5107,10.5,10.9,2025
MO,Audrain,29007,24394,11.2,10.7,2025
MO,Barry,29009,35265,10.7,11.3,2025
MO,Barton,29011,11731,11.2,12.2,2025
MO,Bates,29013,16242,10.9,10.7,2025
MO,Benton,29015,20552,10.6,12.4,2025
MO,Bollinger,29017,10544,10.8,11.2,2025
MO,Boone,29019,189463,10.4,6.0,2025
MO,Buchanan,29021,82956,10.9,9.3,2025
MO,Butler,29023,41948,11.6,11.8,2025
MO,Caldwell,29025,8955,10.7,9.8,2025
MO,Callaway,29027,44731,10.6,8.4,2025
MO,Camden,29029,44044,10.3,10.2,2025
MO,Cape Girardeau,29031,82984,10.5,7.7,2025
MO,Carroll,29033,8391,10.6,10.3,2025
MO,Carter,29035,5303,11.3,12.7,2025
MO,Cass,29037,111732,10.1,7.3,2025
MO,Cedar,29039,14672,10.9,12.2,2025
MO,Chariton,29041,7399,10.5,10.4,2025
MO,Christian,29043,94422,10.3,7.2,2025
MO,Clark,29045,6641,10.8,11.7,2025
MO,Clay,29047,259772,10.3,6.4,2025
MO,Clinton,29049,21548,10.4,8.6,2025
MO,Cole,29051,77278,10.2,7.1,2025
MO,Cooper,29053,16947,10.4,8.6,2025
MO,Crawford,29055,22719,10.9,11.0,2025
MO,Dade,29057,7716,11.0,12.2,2025
MO,Dallas,29059,17768,11.0,11.7,2025
MO,Daviess,29061,8551,10.9,11.2,2025
MO,DeKalb,29063,9899,10.4,9.0,2025
MO,Dent,29065,14647,10.8,11.2,2025
MO,Douglas,29067,12228,11.1,11.7,2025
MO,Dunklin,29069,27032,11.4,12.3,2025
MO,Franklin,29071,106404,10.4,8.5,2025
MO,Gasconade,29073,14705,10.6,10.0,2025
MO,Gentry,29075,6287,10.8,10.1,2025
MO,Greene,29077,304611,10.7,7.8,2025
MO,Grundy,29079,9815,10.8,11.2,2025
MO,Harrison,29081,8220,10.7,11.5,2025
MO,Henry,29083,22485,10.8,11.1,2025
MO,Hickory,29085,8718,11.1,16.0,2025
MO,Holt,29087,4248,10.4,10.3,2025
MO,Howard,29089,10101,10.6,8.5,2025
MO,Howell,29091,40735,11.2,12.0,2025
MO,Iron,29093,9440,10.9,11.5,2025
MO,Jackson,29095,718560,10.5,7.4,2025
MO,Jasper,29097,125056,10.8,9.2,2025
MO,Jefferson,29099,231230,10.5,7.9,2025
MO,Johnson,29101,54962,10.5,6.9,2025
MO,Knox,29103,3723,11.1,12.4,2025
MO,Laclede,29105,36680,11.1,11.1,2025
MO,Lafayette,29107,33196,10.5,8.5,2025
MO,Lawrence,29109,38872,10.9,10.7,2025
MO,Lewis,29111,9818,11.0,9.9,2025
MO,Lincoln,29113,64699,10.6,7.9,2025
MO,Linn,29115,11791,10.7,10.4,2025
MO,Livingston,29117,14557,11.0,9.7,2025
MO,McDonald,29119,23903,11.3,11.9,2025
MO,Macon,29121,15161,10.4,9.3,2025
MO,Madison,29123,12698,10.7,9.8,2025
MO,Maries,29125,8430,10.7,10.3,2025
MO,Marion,29127,28336,10.6,9.1,2025
MO,Mercer,29129,3469,10.8,11.8,2025
MO,Miller,29131,25590,10.7,9.9,2025
MO,Mississippi,29133,11822,11.6,12.3,2025
MO,Moniteau,29135,15256,10.4,8.7,2025
MO,Monroe,29137,8698,10.6,11.4,2025
MO,Montgomery,29139,11459,10.9,10.6,2025
MO,Morgan,29141,21970,10.9,12.5,2025
MO,New Madrid,29143,15424,11.5,11.9,2025
MO,Newton,29145,60677,10.7,9.5,2025
MO,Nodaway,29147,20695,10.6,7.7,2025
MO,Oregon,29149,8720,11.1,13.3,2025
MO,Osage,29151,13468,10.3,8.0,2025
MO,Ozark,29153,8970,11.2,14.9,2025
MO,Pemiscot,29155,14613,12.2,13.3,2025
MO,Perry,29157,18950,10.4,9.2,2025
MO,Pettis,29159,43530,10.7,9.0,2025
MO,Phelps,29161,45284,10.4,8.4,2025
MO,Pike,29163,17935,10.6,10.3,2025
MO,Platte,29165,111940,9.8,5.9,2025
MO,Polk,29167,32780,10.9,10.1,2025
MO,Pulaski,29169,53812,10.1,5.8,2025
MO,Putnam,29171,4638,10.4,9.9,2025
MO,Ralls,29173,10489,10.6,10.5,2025
MO,Randolph,29175,24109,10.9,9.6,2025
MO,Ray,29177,23182,10.7,9.6,2025
MO,Reynolds,29179,5950,11.0,12.7,2025
MO,Ripley,29181,10806,11.4,12.8,2025
MO,St. Charles,29183,416659,10.0,5.8,2025
MO,St. Clair,29185,9752,10.8,12.5,2025
MO,Ste. Genevieve,29186,18642,10.4,9.1,2025
MO,St. Francois,29187,67058,10.8,10.1,2025
MO,St. Louis,29189,987059,10.6,6.5,2025
MO,Saline,29195,23049,10.5,8.2,2025
MO,Schuyler,29197,4053,10.4,8.9,2025
MO,Scotland,29199,4676,10.8,10.4,2025
MO,Scott,29201,37889,11.0,9.9,2025
MO,Shannon,29203,7238,10.9,11.7,2025
MO,Shelby,29205,5931,10.8,11.8,2025
MO,Stoddard,29207,28397,10.9,11.4,2025
MO,Stone,29209,32658,10.4,11.3,2025
MO,Sullivan,29211,5797,10.4,10.3,2025
MO,Taney,29213,56775,10.7,9.5,2025
MO,Texas,29215,25619,10.9,12.2,2025
MO,Vernon,29217,19710,11.1,11.3,2025
MO,Warren,29219,37806,10.5,8.7,2025
MO,Washington,29221,23534,11.2,11.9,2025
MO,Wayne,29223,10811,11.3,14.3,2025
MO,Webster,29225,41472,10.8,9.4,2025
MO,Worth,29227,1907,10.6,11.7,2025
MO,Wright,29229,19403,11.2,12.6,2025
MO,St. Louis,29510,281754,11.7,7.4,2025
MT,Beaverhead,30001,9885,10.9,7.5,2025
MT,Big Horn,30003,12751,14.1,10.0,2025
MT,Blaine,30005,6899,13.2,9.3,2025
MT,Broadwater,30007,8032,10.9,7.5,2025
MT,Carbon,30009,11419,10.9,8.0,2025
MT,Carter,30011,1418,11.1,9.5,2025
MT,Cascade,30013,84900,12.3,7.5,2025
MT,Chouteau,30015,5847,11.8,8.5,2025
MT,Custer,30017,11985,11.0,7.4,2025
MT,Daniels,30019,1633,10.8,7.9,2025
MT,Dawson,30021,8810,10.8,7.0,2025
MT,Deer Lodge,30023,9673,11.3,9.8,2025
MT,Fallon,30025,2994,11.1,7.4,2025
MT,Fergus,30027,11772,11.1,8.5,2025
MT,Flathead,30029,113679,10.7,7.0,2025
MT,Gallatin,30031,126409,10.7,4.5,2025
MT,Garfield,30033,1211,11.1,8.6,2025
MT,Glacier,30035,13609,14.6,10.8,2025
MT,Golden Valley,30037,835,11.3,11.1,2025
MT,Granite,30039,3595,10.9,9.0,2025
MT,Hill,30041,16276,12.2,8.5,2025
MT,Jefferson,30043,13048,10.9,7.0,2025
MT,Judith Basin,30045,2093,11.0,9.4,2025
MT,Lake,30047,33338,12.0,8.8,2025
MT,Lewis and Clark,30049,75011,11.2,6.3,2025
MT,Liberty,30051,1974,11.9,10.9,2025
MT,Lincoln,30053,21895,11.4,10.7,2025
MT,McCone,30055,1676,10.7,7.8,2025
MT,Madison,30057,9521,10.5,7.3,2025
MT,Meagher,30059,2071,10.8,8.9,2025
MT,Mineral,30061,5090,11.1,9.3,2025
MT,Missoula,30063,121849,10.7,5.4,2025
MT,Musselshell,30065,5308,11.2,9.2,2025
MT,Park,30067,17903,10.7,7.6,2025
MT,Petroleum,30069,554,10.5,8.6,2025
MT,Phillips,30071,4249,11.2,8.6,2025
MT,Pondera,30073,6125,12.3,10.3,2025
MT,Powder River,30075,1743,10.7,8.3,2025
MT,Powell,30077,7133,10.4,8.1,2025
MT,Prairie,30079,1112,11.2,12.8,2025
MT,Ravalli,30081,47738,10.5,7.6,2025
MT,Richland,30083,11173,10.7,6.4,2025
MT,Roosevelt,30085,10319,14.2,9.6,2025
MT,Rosebud,30087,8160,12.9,9.5,2025
MT,Sanders,30089,13684,11.0,10.8,2025
MT,Sheridan,30091,3498,11.1,8.3,2025
MT,Silver Bow,30093,36360,11.1,7.6,2025
MT,Stillwater,30095,9173,10.8,7.5,2025
MT,Sweet Grass,30097,3763,10.7,7.7,2025
MT,Teton,30099,6430,11.1,8.1,2025
MT,Toole,30101,5133,11.0,8.8,2025
MT,Treasure,30103,772,10.6,8.7,2025
MT,Valley,30105,7474,11.3,8.4,2025
MT,Wheatland,30107,2057,11.5,10.0,2025
MT,Wibaux,30109,910,11.0,8.4,2025
MT,Yellowstone,30111,170843,10.7,6.4,2025
NE,Adams,31001,30899,9.2,7.0,2025
NE,Antelope,31003,6302,9.2,8.1,2025
NE,Arthur,31005,412,9.3,7.5,2025
NE,Banner,31007,674,9.1,7.5,2025
NE,Blaine,31009,436,9.4,8.1,2025
NE,Boone,31011,5310,8.9,8.0,2025
NE,Box Butte,31013,10692,9.2,7.6,2025
NE,Boyd,31015,1725,9.0,9.3,2025
NE,Brown,31017,2853,9.3,8.4,2025
NE,Buffalo,31019,50697,9.2,5.8,2025
NE,Burt,31021,6727,9.2,8.1,2025
NE,Butler,31023,8459,9.2,7.0,2025
NE,Cass,31025,27446,9.2,6.2,2025
NE,Cedar,31027,8262,9.0,6.9,2025
NE,Chase,31029,3724,9.1,7.7,2025
NE,Cherry,31031,5492,9.5,8.1,2025
NE,Cheyenne,31033,9541,9.3,8.0,2025
NE,Clay,31035,6116,9.2,7.2,2025
NE,Colfax,31037,10566,8.5,6.5,2025
NE,Cuming,31039,8918,8.9,7.3,2025
NE,Custer,31041,10581,9.2,7.5,2025
NE,Dakota,31043,21268,8.9,6.3,2025
NE,Dawes,31045,8133,9.4,6.3,2025
NE,Dawson,31047,24085,8.7,6.9,2025
NE,Deuel,31049,1871,9.3,8.5,2025
NE,Dixon,31051,5491,9.0,8.1,2025
NE,Dodge,31053,37187,9.1,7.2,2025
NE,Douglas,31055,589540,8.7,5.6,2025
NE,Dundy,31057,1561,9.3,8.6,2025
NE,Fillmore,31059,5548,9.3,7.3,2025
NE,Franklin,31061,2825,9.4,9.2,2025
NE,Frontier,31063,2585,9.2,7.4,2025
NE,Furnas,31065,4556,9.4,8.5,2025
NE,Gage,31067,21634,9.4,8.1,2025
NE,Garden,31069,1794,9.4,9.9,2025
NE,Garfield,31071,1763,9.0,7.5,2025
NE,Gosper,31073,1847,9.0,7.2,2025
NE,Grant,31075,565,9.1,7.3,2025
NE,Greeley,31077,2219,9.0,8.0,2025
NE,Hall,31079,62197,8.8,6.9,2025
NE,Hamilton,31081,9537,9.2,6.4,2025
NE,Harlan,31083,3045,9.1,8.0,2025
NE,Hayes,31085,846,8.9,8.7,2025
NE,Hitchcock,31087,2552,9.3,8.5,2025
NE,Holt,31089,10093,9.2,8.1,2025
NE,Hooker,31091,679,9.2,8.3,2025
NE,Howard,31093,6527,9.1,7.0,2025
NE,Jefferson,31095,7054,9.2,7.7,2025
NE,Johnson,31097,5198,8.5,6.9,2025
NE,Kearney,31099,6770,9.0,6.2,2025
NE,Keith,31101,8113,9.0,8.0,2025
NE,Keya Paha,31103,805,8.9,9.0,2025
NE,Kimball,31105,3289,9.5,9.8,2025
NE,Knox,31107,8298,9.5,9.0,2025
NE,Lancaster,31109,326716,9.2,5.5,2025
NE,Lincoln,31111,33365,9.7,8.0,2025
NE,Logan,31113,655,8.9,7.1,2025
NE,Loup,31115,592,8.8,7.8,2025
NE,McPherson,31117,383,9.2,8.2,2025
NE,Madison,31119,35627,9.4,6.7,2025
NE,Merrick,31121,7755,9.2,7.4,2025
NE,Morrill,31123,4504,9.2,8.4,2025
NE,Nance,31125,3274,9.5,8.4,2025
NE,Nemaha,31127,7076,9.5,7.6,2025
NE,Nuckolls,31129,4095,9.0,7.9,2025
NE,Otoe,31131,16335,9.2,6.8,2025
NE,Pawnee,31133,2512,9.5,9.8,2025
NE,Perkins,31135,2795,9.1,7.3,2025
NE,Phelps,31137,9057,9.2,7.3,2025
NE,Pierce,31139,7299,9.1,6.8,2025
NE,Platte,31141,34609,8.6,6.6,2025
NE,Polk,31143,5228,9.0,7.2,2025
NE,Red Willow,31145,10457,9.5,7.6,2025
NE,Richardson,31147,7689,9.4,8.4,2025
NE,Rock,31149,1271,9.1,7.7,2025
NE,Saline,31151,14555,8.8,6.5,2025
NE,Sarpy,31153,199886,8.6,4.6,2025
NE,Saunders,31155,23463,8.9,6.1,2025
NE,Scotts Bluff,31157,35699,9.2,7.6,2025
NE,Seward,31159,17671,9.1,5.9,2025
NE,Sheridan,31161,4928,9.5,8.7,2025
NE,Sherman,31163,2983,9.3,8.8,2025
NE,Sioux,31165,1154,9.4,10.6,2025
NE,Stanton,31167,5856,9.1,6.8,2025
NE,Thayer,31169,4829,9.3,8.4,2025
NE,Thomas,31171,677,9.0,6.7,2025
NE,Thurston,31173,6557,11.3,7.8,2025
NE,Valley,31175,4012,9.3,8.2,2025
NE,Washington,31177,21152,8.9,6.0,2025
NE,Wayne,31179,9874,9.2,5.8,2025
NE,Webster,31181,3351,9.3,7.7,2025
NE,Wheeler,31183,775,8.8,7.6,2025
NE,York,31185,14356,9.4,7.0,2025
NV,Churchill,32001,25803,11.2,8.2,2025
NV,Clark,32003,2336573,10.1,6.9,2025
NV,Douglas,32005,49545,10.1,8.2,2025
NV,Elko,32007,54293,10.7,7.3,2025
NV,Esmeralda,32009,736,10.9,12.5,2025
NV,Eureka,32011,1917,11.4,12.1,2025
NV,Humboldt,32013,17136,10.7,7.6,2025
NV,Lander,32015,5769,10.9,9.0,2025
NV,Lincoln,32017,4452,10.4,8.3,2025
NV,Lyon,32019,62583,10.8,8.5,2025
NV,Mineral,32021,4528,11.7,12.9,2025
NV,Nye,32023,55720,11.1,11.0,2025
NV,Pershing,32027,6364,9.8,8.0,2025
NV,Storey,32029,4177,10.3,8.1,2025
NV,Washoe,32031,498022,10.3,6.7,2025
NV,White Pine,32033,8522,10.7,9.1,2025
NV,Carson City,32510,58036,10.5,7.8,2025
NH,Belknap,33001,65027,10.3,7.5,2025
NH,Carroll,33003,52448,10.0,7.5,2025
NH,Cheshire,33005,77703,10.5,7.1,2025
NH,Coos,33007,31372,11.5,9.5,2025
NH,Grafton,33009,93146,10.4,6.4,2025
NH,Hillsborough,33011,427354,10.6,5.7,2025
NH,Merrimack,33013,157103,11.0,6.4,2025
NH,Rockingham,33015,320689,10.0,5.7,2025
NH,Strafford,33017,133243,10.7,6.0,2025
NH,Sullivan,33019,43969,10.8,8.0,2025
NJ,Atlantic,34001,275213,9.5,6.5,2025
NJ,Bergen,34003,957736,8.0,4.4,2025
NJ,Burlington,34005,469167,9.2,5.2,2025
NJ,Camden,34007,527196,9.7,5.7,2025
NJ,Cape May,34009,94610,9.5,7.2,2025
NJ,Cumberland,34011,152326,9.7,7.4,2025
NJ,Essex,34013,851117,9.8,5.5,2025
NJ,Gloucester,34015,308423,9.8,5.4,2025
NJ,Hudson,34017,705472,8.4,4.1,2025
NJ,Hunterdon,34019,130183,8.8,4.9,2025
NJ,Mercer,34021,381671,9.0,4.9,2025
NJ,Middlesex,34023,863623,8.4,4.4,2025
NJ,Monmouth,34025,642799,8.8,5.0,2025
NJ,Morris,34027,514423,8.3,4.2,2025
NJ,Ocean,34029,659197,9.2,6.8,2025
NJ,Passaic,34031,513395,8.9,5.8,2025
NJ,Salem,34033,65338,10.1,7.2,2025
NJ,Somerset,34035,348842,8.0,4.1,2025
NJ,Sussex,34037,146132,9.4,5.4,2025
NJ,Union,34039,572726,9.0,5.0,2025
NJ,Warren,34041,111252,9.3,5.8,2025
NM,Bernalillo,35001,671586,9.7,5.6,2025
NM,Catron,35003,3825,10.0,11.3,2025
NM,Chaves,35005,63561,9.9,7.4,2025
NM,Cibola,35006,26780,11.5,8.4,2025
NM,Colfax,35007,12255,9.4,8.1,2025
NM,Curry,35009,47222,10.3,6.7,2025
NM,De Baca,35011,1657,10.0,8.8,2025
NM,DoÃ±a Ana,35013,225210,9.4,6.0,2025
NM,Eddy,35015,60275,9.7,5.9,2025
NM,Grant,35017,27472,9.5,8.5,2025
NM,Guadalupe,35019,4292,8.6,6.4,2025
NM,Harding,35021,624,9.4,10.8,2025
NM,Hidalgo,35023,3965,9.5,8.3,2025
NM,Lea,35025,72101,9.6,6.3,2025
NM,Lincoln,35027,20029,9.6,8.5,2025
NM,Los Alamos,35028,19444,8.8,3.7,2025
NM,Luna,35029,25316,9.9,9.5,2025
NM,McKinley,35031,68797,14.2,11.5,2025
NM,Mora,35033,4123,8.4,6.6,2025
NM,Otero,35035,68835,10.0,7.2,2025
NM,Quay,35037,8510,10.0,9.9,2025
NM,Rio Arriba,35039,39876,9.9,7.0,2025
NM,Roosevelt,35041,18787,10.0,6.6,2025
NM,Sandoval,35043,155936,9.7,5.6,2025
NM,San Juan,35045,120675,12.0,9.2,2025
NM,San Miguel,35047,26668,9.0,6.5,2025
NM,Santa Fe,35049,155956,9.2,6.3,2025
NM,Sierra,35051,11488,10.1,11.9,2025
NM,Socorro,35053,15963,10.0,8.1,2025
NM,Taos,35055,34405,9.4,7.0,2025
NM,Torrance,35057,15633,10.2,9.6,2025
NM,Union,35059,3964,9.7,8.4,2025
NM,Valencia,35061,79141,9.6,6.6,2025
NY,Albany,36001,316659,10.8,5.7,2025
NY,Allegany,36003,46651,11.2,8.1,2025
NY,Bronx,36005,1356476,11.8,6.9,2025
NY,Broome,36007,196077,11.5,7.7,2025
NY,Cattaraugus,36009,75600,11.4,9.4,2025
NY,Cayuga,36011,74485,11.1,8.6,2025
NY,Chautauqua,36013,124891,11.2,8.8,2025
NY,Chemung,36015,81325,11.2,8.2,2025
NY,Chenango,36017,45920,11.2,9.0,2025
NY,Clinton,36019,78115,11.6,7.8,2025
NY,Columbia,36021,60470,10.5,7.7,2025
NY,Cortland,36023,45752,11.3,6.9,2025
NY,Delaware,36025,44410,10.9,9.0,2025
NY,Dutchess,36027,297150,10.4,5.9,2025
NY,Erie,36029,946147,11.5,6.9,2025
NY,Essex,36031,36775,10.7,8.3,2025
NY,Franklin,36033,46502,11.4,8.6,2025
NY,Fulton,36035,52234,11.9,9.1,2025
NY,Genesee,36037,57529,10.9,7.4,2025
NY,Greene,36039,47062,10.8,8.0,2025
NY,Hamilton,36041,5082,10.9,9.4,2025
NY,Herkimer,36043,59484,11.0,8.4,2025
NY,Jefferson,36045,114787,11.2,6.9,2025
NY,Kings,36047,2561225,10.3,5.8,2025
NY,Lewis,36049,26548,11.0,8.6,2025
NY,Livingston,36051,61158,11.0,7.1,2025
NY,Madison,36053,66921,11.0,7.1,2025
NY,Monroe,36055,748482,10.9,6.3,2025
NY,Montgomery,36057,49368,11.0,8.2,2025
NY,Nassau,36059,1381715,9.6,4.8,2025
NY,New York,36061,1597451,9.6,4.4,2025
NY,Niagara,36063,209457,11.3,7.7,2025
NY,Oneida,36065,227555,11.0,8.0,2025
NY,Onondaga,36067,467873,11.3,6.8,2025
NY,Ontario,36069,112494,10.6,6.8,2025
NY,Orange,36071,407470,10.5,6.1,2025
NY,Orleans,36073,39124,11.4,8.5,2025
NY,Oswego,36075,118162,11.3,8.3,2025
NY,Otsego,36077,60126,11.3,7.2,2025
NY,Putnam,36079,98060,9.9,5.3,2025
NY,Queens,36081,2252196,8.9,5.4,2025
NY,Rensselaer,36083,159305,10.9,6.5,2025
NY,Richmond,36085,490687,10.2,6.0,2025
NY,Rockland,36087,340807,10.5,6.1,2025
NY,St. Lawrence,36089,106940,11.7,8.6,2025
NY,Saratoga,36091,238711,10.3,5.8,2025
NY,Schenectady,36093,159902,11.0,6.4,2025
NY,Schoharie,36095,30105,11.0,7.9,2025
NY,Schuyler,36097,17507,11.2,9.0,2025
NY,Seneca,36099,32349,11.2,8.7,2025
NY,Steuben,36101,92162,11.0,8.3,2025
NY,Suffolk,36103,1523170,10.2,5.4,2025
NY,Sullivan,36105,79920,10.6,7.5,2025
NY,Tioga,36107,47715,11.0,8.1,2025
NY,Tompkins,36109,103558,10.5,4.8,2025
NY,Ulster,36111,182333,10.4,6.9,2025
NY,Warren,36113,65380,10.9,7.4,2025
NY,Washington,36115,60047,11.1,8.1,2025
NY,Wayne,36117,90829,11.1,7.7,2025
NY,Westchester,36119,990817,9.3,4.9,2025
NY,Wyoming,36121,39532,10.9,8.1,2025
NY,Yates,36123,24472,11.3,8.9,2025
NC,Alamance,37001,179165,10.9,7.4,2025
NC,Alexander,37003,36473,10.8,9.2,2025
NC,Alleghany,37005,11342,10.8,11.6,2025
NC,Anson,37007,21897,12.0,10.5,2025
NC,Ashe,37009,27063,10.6,10.0,2025
NC,Avery,37011,17561,10.6,9.2,2025
NC,Beaufort,37013,44481,11.2,10.0,2025
NC,Bertie,37015,16922,12.0,10.7,2025
NC,Bladen,37017,29484,11.6,10.0,2025
NC,Brunswick,37019,159964,10.4,8.5,2025
NC,Buncombe,37021,275901,10.3,6.9,2025
NC,Burke,37023,88338,10.9,9.8,2025
NC,Cabarrus,37025,240016,10.4,5.8,2025
NC,Caldwell,37027,80574,11.0,9.6,2025
NC,Camden,37029,11137,10.6,6.5,2025
NC,Carteret,37031,69615,10.4,8.1,2025
NC,Caswell,37033,22807,11.3,9.5,2025
NC,Catawba,37035,164645,10.7,7.8,2025
NC,Chatham,37037,81624,10.2,7.3,2025
NC,Cherokee,37039,29959,10.7,10.8,2025
NC,Chowan,37041,13891,11.5,10.5,2025
NC,Clay,37043,11864,10.5,10.0,2025
NC,Cleveland,37045,101378,11.5,9.1,2025
NC,Columbus,37047,50121,11.8,10.0,2025
NC,Craven,37049,102391,10.9,7.9,2025
NC,Cumberland,37051,337890,11.4,6.5,2025
NC,Currituck,37053,31593,10.4,6.7,2025
NC,Dare,37055,38110,10.1,7.0,2025
NC,Davidson,37057,174804,11.0,8.7,2025
NC,Davie,37059,44599,10.5,7.8,2025
NC,Duplin,37061,49520,11.2,9.4,2025
NC,Durham,37063,336892,10.8,5.1,2025
NC,Edgecombe,37065,48832,12.4,10.0,2025
NC,Forsyth,37067,392921,11.1,7.0,2025
NC,Franklin,37069,77001,11.0,7.6,2025
NC,Gaston,37071,237242,11.1,7.7,2025
NC,Gates,37073,10343,11.5,9.5,2025
NC,Graham,37075,8052,10.9,9.2,2025
NC,Granville,37077,62192,11.3,8.0,2025
NC,Greene,37079,20530,11.3,9.6,2025
NC,Guilford,37081,549866,11.2,6.5,2025
NC,Halifax,37083,47298,12.4,11.5,2025
NC,Harnett,37085,141477,11.0,7.1,2025
NC,Haywood,37087,62969,10.6,8.7,2025
NC,Henderson,37089,119230,10.3,8.2,2025
NC,Hertford,37091,19453,12.3,10.2,2025
NC,Hoke,37093,54446,11.7,7.0,2025
NC,Hyde,37095,4607,11.0,10.8,2025
NC,Iredell,37097,199710,10.5,6.6,2025
NC,Jackson,37099,44574,11.1,8.2,2025
NC,Johnston,37101,241955,10.8,6.6,2025
NC,Jones,37103,9401,11.6,10.8,2025
NC,Lee,37105,67059,10.9,8.0,2025
NC,Lenoir,37107,54895,12.2,11.1,2025
NC,Lincoln,37109,95675,10.6,7.6,2025
NC,McDowell,37111,44893,10.9,9.6,2025
NC,Macon,37113,38412,10.6,10.1,2025
NC,Madison,37115,22071,10.7,8.1,2025
NC,Martin,37117,21447,12.0,10.6,2025
NC,Mecklenburg,37119,1163701,10.4,5.0,2025
NC,Mitchell,37121,14999,10.6,9.0,2025
NC,Montgomery,37123,26085,11.1,9.8,2025
NC,Moore,37125,106898,10.3,7.0,2025
NC,Nash,37127,96551,11.5,8.3,2025
NC,New Hanover,37129,238852,10.5,6.5,2025
NC,Northampton,37131,16715,12.0,11.2,2025
NC,Onslow,37133,213676,10.2,5.6,2025
NC,Orange,37135,150626,10.2,5.0,2025
NC,Pamlico,37137,12423,10.6,9.6,2025
NC,Pasquotank,37139,41444,11.3,7.2,2025
NC,Pender,37141,68521,10.7,7.3,2025
NC,Perquimans,37143,13377,11.1,9.7,2025
NC,Person,37145,39737,11.4,9.1,2025
NC,Pitt,37147,175119,11.5,6.7,2025
NC,Polk,37149,20060,10.5,9.4,2025
NC,Randolph,37151,147458,10.9,9.2,2025
NC,Richmond,37153,42324,12.1,10.6,2025
NC,Robeson,37155,117365,13.3,11.4,2025
NC,Rockingham,37157,92518,11.3,9.7,2025
NC,Rowan,37159,151661,11.0,8.4,2025
NC,Rutherford,37161,65507,11.3,10.3,2025
NC,Sampson,37163,59601,11.3,9.2,2025
NC,Scotland,37165,34376,12.4,10.9,2025
NC,Stanly,37167,65699,11.0,8.6,2025
NC,Stokes,37169,45532,10.9,9.4,2025
NC,Surry,37171,71462,11.2,10.1,2025
NC,Swain,37173,13916,12.1,10.3,2025
NC,Transylvania,37175,33549,10.3,8.5,2025
NC,Tyrrell,37177,3461,11.1,10.6,2025
NC,Union,37179,256452,10.3,5.7,2025
NC,Vance,37181,42301,12.0,9.4,2025
NC,Wake,37183,1190275,10.1,4.6,2025
NC,Warren,37185,18836,11.9,11.5,2025
NC,Washington,37187,10713,12.2,12.4,2025
NC,Watauga,37189,54748,10.9,7.0,2025
NC,Wayne,37191,118686,11.5,8.4,2025
NC,Wilkes,37193,66013,11.0,10.4,2025
NC,Wilson,37195,78970,11.9,9.9,2025
NC,Yadkin,37197,37774,10.9,9.5,2025
NC,Yancey,37199,18938,10.8,10.0,2025
ND,Adams,38001,2163,10.0,9.2,2025
ND,Barnes,38003,10726,9.9,7.0,2025
ND,Benson,38005,5745,12.4,9.8,2025
ND,Billings,38007,1034,9.4,7.2,2025
ND,Bottineau,38009,6349,10.0,7.3,2025
ND,Bowman,38011,2867,9.9,7.4,2025
ND,Burke,38013,2134,9.7,6.7,2025
ND,Burleigh,38015,100012,9.8,5.6,2025
ND,Cass,38017,196362,9.8,4.5,2025
ND,Cavalier,38019,3596,9.7,7.2,2025
ND,Dickey,38021,4900,10.1,7.0,2025
ND,Divide,38023,2135,10.0,7.8,2025
ND,Dunn,38025,4019,10.1,6.8,2025
ND,Eddy,38027,2263,10.5,8.7,2025
ND,Emmons,38029,3224,10.1,8.8,2025
ND,Foster,38031,3309,10.0,7.2,2025
ND,Golden Valley,38033,1743,10.3,8.8,2025
ND,Grand Forks,38035,72708,10.4,5.3,2025
ND,Grant,38037,2215,10.3,10.3,2025
ND,Griggs,38039,2248,9.4,7.7,2025
ND,Hettinger,38041,2415,10.2,7.5,2025
ND,Kidder,38043,2342,9.9,8.1,2025
ND,LaMoure,38045,4096,9.9,8.0,2025
ND,Logan,38047,1869,10.2,8.9,2025
ND,McHenry,38049,5131,10.0,7.6,2025
ND,McIntosh,38051,2488,10.2,9.7,2025
ND,McKenzie,38053,14252,10.3,5.6,2025
ND,McLean,38055,9832,9.9,7.2,2025
ND,Mercer,38057,8309,10.3,7.9,2025
ND,Morton,38059,33895,10.2,5.9,2025
ND,Mountrail,38061,9383,11.2,7.3,2025
ND,Nelson,38063,2991,9.7,7.5,2025
ND,Oliver,38065,1879,9.8,7.0,2025
ND,Pembina,38067,6661,9.8,7.8,2025
ND,Pierce,38069,3902,10.1,7.5,2025
ND,Ramsey,38071,11463,10.2,7.9,2025
ND,Ransom,38073,5603,9.9,7.4,2025
ND,Renville,38075,2279,9.9,6.9,2025
ND,Richland,38077,16558,10.0,6.6,2025
ND,Rolette,38079,11728,13.8,9.7,2025
ND,Sargent,38081,3776,9.7,7.0,2025
ND,Sheridan,38083,1266,9.8,9.0,2025
ND,Sioux,38085,3643,14.7,12.2,2025
ND,Slope,38087,674,9.8,9.4,2025
ND,Stark,38089,33001,9.8,6.0,2025
ND,Steele,38091,1782,9.8,7.9,2025
ND,Stutsman,38093,21392,10.3,7.3,2025
ND,Towner,38095,2030,10.5,9.9,2025
ND,Traill,38097,7908,9.7,6.2,2025
ND,Walsh,38099,10305,9.9,7.8,2025
ND,Ward,38101,68332,9.9,5.2,2025
ND,Wells,38103,3876,10.1,9.0,2025
ND,Williams,38105,39113,10.2,5.4,2025
OH,Adams,39001,27521,11.8,11.8,2025
OH,Allen,39003,100838,11.1,9.1,2025
OH,Ashland,39005,52190,11.0,9.6,2025
OH,Ashtabula,39007,96845,11.3,11.0,2025
OH,Athens,39009,62706,11.6,7.7,2025
OH,Auglaize,39011,46050,10.7,8.1,2025
OH,Belmont,39013,64918,11.1,9.8,2025
OH,Brown,39015,43777,11.4,10.4,2025
OH,Butler,39017,393043,10.8,7.2,2025
OH,Carroll,39019,26758,11.1,10.5,2025
OH,Champaign,39021,38845,11.0,8.5,2025
OH,Clark,39023,134610,11.4,9.9,2025
OH,Clermont,39025,211972,10.6,7.6,2025
OH,Clinton,39027,41938,11.3,9.3,2025
OH,Columbiana,39029,100182,11.2,10.3,2025
OH,Coshocton,39031,36869,11.3,11.1,2025
OH,Crawford,39033,41529,11.1,10.3,2025
OH,Cuyahoga,39035,1233088,11.6,7.7,2025
OH,Darke,39037,51415,11.0,9.7,2025
OH,Defiance,39039,38315,10.6,8.2,2025
OH,Delaware,39041,231636,9.5,4.9,2025
OH,Erie,39043,74035,10.9,8.9,2025
OH,Fairfield,39045,165360,10.8,7.2,2025
OH,Fayette,39047,28817,11.4,10.2,2025
OH,Franklin,39049,1326063,11.2,6.3,2025
OH,Fulton,39051,42007,10.5,8.1,2025
OH,Gallia,39053,28986,11.5,11.0,2025
OH,Geauga,39055,95407,10.3,7.6,2025
OH,Greene,39057,169691,10.8,6.6,2025
OH,Guernsey,39059,38089,11.3,10.6,2025
OH,Hamilton,39061,827058,11.4,7.1,2025
OH,Hancock,39063,74704,10.6,7.5,2025
OH,Hardin,39065,30368,11.2,9.1,2025
OH,Harrison,39067,14159,11.3,10.6,2025
OH,Henry,39069,27520,10.8,8.3,2025
OH,Highland,39071,43614,11.4,10.4,2025
OH,Hocking,39073,27540,11.4,10.9,2025
OH,Holmes,39075,44386,12.0,10.7,2025
OH,Huron,39077,58199,11.1,9.0,2025
OH,Jackson,39079,32606,11.5,10.5,2025
OH,Jefferson,39081,64026,11.7,10.1,2025
OH,Knox,39083,63320,11.0,8.5,2025
OH,Lake,39085,231640,10.7,7.7,2025
OH,Lawrence,39087,56118,11.7,10.6,2025
OH,Licking,39089,183201,10.9,7.6,2025
OH,Logan,39091,46057,11.0,9.2,2025
OH,Lorain,39093,317910,11.0,8.2,2025
OH,Lucas,39095,425484,11.3,8.6,2025
OH,Madison,39097,44602,10.6,7.8,2025
OH,Mahoning,39099,225596,11.0,9.5,2025
OH,Marion,39101,64851,10.9,10.0,2025
OH,Medina,39103,184042,10.5,7.0,2025
OH,Meigs,39105,21767,11.6,12.9,2025
OH,Mercer,39107,42439,10.4,7.9,2025
OH,Miami,39109,110876,10.8,8.0,2025
OH,Monroe,39111,13153,11.2,11.6,2025
OH,Montgomery,39113,533796,11.5,8.1,2025
OH,Morgan,39115,13646,11.5,11.1,2025
OH,Morrow,39117,35595,11.1,9.2,2025
OH,Muskingum,39119,86305,11.5,9.6,2025
OH,Noble,39121,14311,10.2,11.8,2025
OH,Ottawa,39123,39803,10.5,8.5,2025
OH,Paulding,39125,18706,10.9,9.2,2025
OH,Perry,39127,35551,11.2,10.1,2025
OH,Pickaway,39129,61086,11.0,8.5,2025
OH,Pike,39131,27001,11.9,12.5,2025
OH,Portage,39133,162665,10.8,7.6,2025
OH,Preble,39135,40556,10.9,9.1,2025
OH,Putnam,39137,34199,10.5,7.4,2025
OH,Richland,39139,125064,11.0,9.7,2025
OH,Ross,39141,76501,11.6,10.0,2025
OH,Sandusky,39143,58709,10.7,8.8,2025
OH,Scioto,39145,71969,11.6,11.4,2025
OH,Seneca,39147,54527,10.8,8.5,2025
OH,Shelby,39149,47765,11.0,8.8,2025
OH,Stark,39151,372716,11.2,8.8,2025
OH,Summit,39153,535733,11.2,7.9,2025
OH,Trumbull,39155,200373,11.3,10.2,2025
OH,Tuscarawas,39157,91874,11.2,9.7,2025
OH,Union,39159,69637,10.4,5.7,2025
OH,Van Wert,39161,28704,10.8,8.8,2025
OH,Vinton,39163,12474,11.7,11.4,2025
OH,Warren,39165,252148,9.9,5.8,2025
OH,Washington,39167,58577,10.9,9.6,2025
OH,Wayne,39169,116510,11.0,8.7,2025
OH,Williams,39171,36591,11.1,9.5,2025
OH,Wood,39173,132650,10.6,6.6,2025
OH,Wyandot,39175,21457,10.7,8.4,2025
OK,Adair,40001,19627,13.6,11.7,2025
OK,Alfalfa,40003,5673,10.4,8.5,2025
OK,Atoka,40005,14525,11.7,10.3,2025
OK,Beaver,40007,5018,10.5,8.5,2025
OK,Beckham,40009,22042,11.2,9.5,2025
OK,Blaine,40011,8539,11.3,9.4,2025
OK,Bryan,40013,48967,12.2,9.4,2025
OK,Caddo,40015,26214,11.5,9.5,2025
OK,Canadian,40017,175829,10.7,5.9,2025
OK,Carter,40019,48596,11.7,8.8,2025
OK,Cherokee,40021,48185,12.7,8.9,2025
OK,Choctaw,40023,14276,12.6,11.5,2025
OK,Cimarron,40025,2191,10.1,8.1,2025
OK,Cleveland,40027,301193,11.0,6.4,2025
OK,Coal,40029,5266,12.8,12.4,2025
OK,Comanche,40031,121574,11.3,7.5,2025
OK,Cotton,40033,5427,11.8,10.5,2025
OK,Craig,40035,14494,12.4,11.2,2025
OK,Creek,40037,73332,11.7,8.9,2025
OK,Custer,40039,28266,11.1,7.5,2025
OK,Delaware,40041,41703,12.1,11.5,2025
OK,Dewey,40043,4286,11.3,9.2,2025
OK,Ellis,40045,3648,11.0,9.5,2025
OK,Garfield,40047,62023,11.0,8.2,2025
OK,Garvin,40049,25865,11.7,9.6,2025
OK,Grady,40051,57375,11.1,7.9,2025
OK,Grant,40053,4083,11.0,9.2,2025
OK,Greer,40055,5466,10.8,8.4,2025
OK,Harmon,40057,2392,11.1,10.1,2025
OK,Harper,40059,3190,10.7,9.0,2025
OK,Haskell,40061,11832,12.2,10.8,2025
OK,Hughes,40063,13436,11.9,10.5,2025
OK,Jackson,40065,24669,11.0,7.9,2025
OK,Jefferson,40067,5347,11.7,11.6,2025
OK,Johnston,40069,10216,12.4,10.8,2025
OK,Kay,40071,43641,11.8,9.6,2025
OK,Kingfisher,40073,15481,10.8,7.7,2025
OK,Kiowa,40075,8398,11.8,11.4,2025
OK,Latimer,40077,9526,12.6,12.1,2025
OK,Le Flore,40079,49596,12.3,10.8,2025
OK,Lincoln,40081,34562,11.7,9.8,2025
OK,Logan,40083,53029,11.2,7.4,2025
OK,Love,40085,10296,11.4,9.3,2025
OK,McClain,40087,47072,11.1,7.1,2025
OK,McCurtain,40089,30660,12.5,10.5,2025
OK,McIntosh,40091,19603,12.4,12.4,2025
OK,Major,40093,7581,11.0,9.1,2025
OK,Marshall,40095,15970,11.6,10.5,2025
OK,Mayes,40097,39889,12.4,10.0,2025
OK,Murray,40099,13754,11.7,9.5,2025
OK,Muskogee,40101,66677,12.6,10.1,2025
OK,Noble,40103,10832,11.5,8.8,2025
OK,Nowata,40105,9438,12.3,10.2,2025
OK,Okfuskee,40107,11300,12.5,12.1,2025
OK,Oklahoma,40109,808866,11.5,7.0,2025
OK,Okmulgee,40111,37035,12.7,9.9,2025
OK,Osage,40113,46130,12.1,9.2,2025
OK,Ottawa,40115,30287,12.6,10.7,2025
OK,Pawnee,40117,15864,11.9,9.9,2025
OK,Payne,40119,83352,11.5,6.7,2025
OK,Pittsburg,40121,43479,11.8,9.9,2025
OK,Pontotoc,40123,38396,11.8,7.9,2025
OK,Pottawatomie,40125,73791,12.3,8.9,2025
OK,Pushmataha,40127,10800,12.4,12.8,2025
OK,Roger Mills,40129,3295,11.2,9.9,2025
OK,Rogers,40131,100248,11.4,7.6,2025
OK,Seminole,40133,23565,12.7,11.4,2025
OK,Sequoyah,40135,40291,12.8,11.5,2025
OK,Stephens,40137,44014,11.6,9.8,2025
OK,Texas,40139,20371,10.3,7.2,2025
OK,Tillman,40141,6869,11.1,9.8,2025
OK,Tulsa,40143,682868,11.2,7.2,2025
OK,Wagoner,40145,89280,11.2,7.4,2025
OK,Washington,40147,53706,11.6,8.8,2025
OK,Washita,40149,10736,11.2,9.3,2025
OK,Woods,40151,8564,10.9,7.6,2025
OK,Woodward,40153,19947,10.9,8.2,2025
OR,Baker,41001,16912,11.9,9.1,2025
OR,Benton,41003,97713,11.6,5.7,2025
OR,Clackamas,41005,423173,11.6,6.0,2025
OR,Clatsop,41007,41102,12.1,8.3,2025
OR,Columbia,41009,53880,12.2,7.9,2025
OR,Coos,41011,64212,12.4,9.9,2025
OR,Crook,41013,26952,12.0,8.1,2025
OR,Curry,41015,23296,12.1,10.5,2025
OR,Deschutes,41017,208513,11.6,6.4,2025
OR,Douglas,41019,112435,12.8,9.7,2025
OR,Gilliam,41021,2026,12.3,10.4,2025
OR,Grant,41023,7215,12.1,10.2,2025
OR,Harney,41025,7440,12.6,10.6,2025
OR,Hood River,41027,23745,11.3,6.4,2025
OR,Jackson,41029,220768,12.1,8.0,2025
OR,Jefferson,41031,25454,12.1,8.0,2025
OR,Josephine,41033,87821,12.4,10.4,2025
OR,Klamath,41035,70003,12.5,9.4,2025
OR,Lake,41037,8293,12.0,10.0,2025
OR,Lane,41039,381181,12.2,7.5,2025
OR,Lincoln,41041,50821,12.4,9.8,2025
OR,Linn,41043,131496,12.5,8.0,2025
OR,Malheur,41045,32044,11.7,8.6,2025
OR,Marion,41047,346741,12.2,7.2,2025
OR,Morrow,41049,12302,12.1,8.9,2025
OR,Multnomah,41051,789698,11.7,5.3,2025
OR,Polk,41053,89805,12.4,7.0,2025
OR,Sherman,41055,1951,12.2,9.9,2025
OR,Tillamook,41057,27417,11.9,9.0,2025
OR,Umatilla,41059,80053,12.0,7.8,2025
OR,Union,41061,25944,12.2,8.4,2025
OR,Wallowa,41063,7674,11.7,8.2,2025
OR,Wasco,41065,26333,12.1,8.6,2025
OR,Washington,41067,598865,11.2,5.0,2025
OR,Wheeler,41069,1436,12.2,11.4,2025
OR,Yamhill,41071,108644,11.8,6.8,2025
RI,Bristol,44001,50255,10.7,5.9,2025
RI,Kent,44003,171278,11.7,7.0,2025
RI,Newport,44005,83832,10.6,6.3,2025
RI,Providence,44007,660615,12.4,6.7,2025
RI,Washington,44009,129982,10.8,6.3,2025
SC,Abbeville,45001,24434,10.3,9.9,2025
SC,Aiken,45003,177130,9.8,7.5,2025
SC,Allendale,45005,7369,11.0,10.7,2025
SC,Anderson,45007,213076,10.2,8.2,2025
SC,Bamberg,45009,12974,10.9,9.9,2025
SC,Barnwell,45011,20447,11.0,11.6,2025
SC,Beaufort,45013,198979,8.5,7.0,2025
SC,Berkeley,45015,255217,9.5,6.2,2025
SC,Calhoun,45017,14186,10.1,8.8,2025
SC,Charleston,45019,424367,8.8,5.7,2025
SC,Cherokee,45021,56714,10.3,9.4,2025
SC,Chester,45023,32226,10.7,9.9,2025
SC,Chesterfield,45025,44031,10.4,10.3,2025
SC,Clarendon,45027,31004,10.7,10.5,2025
SC,Colleton,45029,38874,10.8,10.0,2025
SC,Darlington,45031,62416,10.7,9.4,2025
SC,Dillon,45033,27698,11.4,11.8,2025
SC,Dorchester,45035,169833,9.6,6.5,2025
SC,Edgefield,45037,27607,9.7,8.8,2025
SC,Fairfield,45039,20422,10.7,10.3,2025
SC,Florence,45041,137214,10.3,8.1,2025
SC,Georgetown,45043,65731,9.3,8.6,2025
SC,Greenville,45045,558036,9.4,6.4,2025
SC,Greenwood,45047,69460,10.1,8.6,2025
SC,Hampton,45049,18122,10.6,10.1,2025
SC,Horry,45051,397478,9.2,9.0,2025
SC,Jasper,45053,33544,9.7,8.9,2025
SC,Kershaw,45055,69905,9.8,7.9,2025
SC,Lancaster,45057,108215,9.4,7.5,2025
SC,Laurens,45059,68873,10.1,9.0,2025
SC,Lee,45061,15967,11.0,10.4,2025
SC,Lexington,45063,309528,9.2,6.9,2025
SC,McCormick,45065,9941,9.6,11.0,2025
SC,Marion,45067,28508,11.3,11.8,2025
SC,Marlboro,45069,25704,11.0,11.4,2025
SC,Newberry,45071,38825,9.8,8.7,2025
SC,Oconee,45073,81221,9.8,9.9,2025
SC,Orangeburg,45075,82820,11.0,9.6,2025
SC,Pickens,45077,135495,9.7,7.8,2025
SC,Richland,45079,425138,9.9,5.8,2025
SC,Saluda,45081,19123,9.8,9.6,2025
SC,Spartanburg,45083,356698,9.7,7.5,2025
SC,Sumter,45085,104165,10.5,8.0,2025
SC,Union,45087,26629,10.9,11.9,2025
SC,Williamsburg,45089,29891,10.9,10.0,2025
SC,York,45091,298320,9.3,6.0,2025
SD,Aurora,46003,2782,10.0,7.4,2025
SD,Beadle,46005,19591,10.0,8.1,2025
SD,Bennett,46007,3305,13.2,11.5,2025
SD,Bon Homme,46009,7065,9.8,8.0,2025
SD,Brookings,46011,35980,9.8,4.9,2025
SD,Brown,46013,37733,9.7,6.3,2025
SD,Brule,46015,5311,10.5,8.1,2025
SD,Buffalo,46017,1884,14.0,9.9,2025
SD,Butte,46019,10863,10.4,8.1,2025
SD,Campbell,46021,1340,9.5,8.1,2025
SD,Charles Mix,46023,9240,11.3,9.3,2025
SD,Clark,46025,3948,9.8,8.4,2025
SD,Clay,46027,15431,10.5,5.1,2025
SD,Codington,46029,28971,10.2,7.3,2025
SD,Corson,46031,3782,13.3,12.5,2025
SD,Custer,46033,9117,9.8,7.9,2025
SD,Davison,46035,19922,10.0,7.5,2025
SD,Day,46037,5451,10.4,9.0,2025
SD,Deuel,46039,4354,9.9,7.3,2025
SD,Dewey,46041,5208,13.7,10.3,2025
SD,Douglas,46043,2838,10.1,8.5,2025
SD,Edmunds,46045,4057,9.9,7.6,2025
SD,Fall River,46047,7393,10.4,10.2,2025
SD,Faulk,46049,2151,10.3,9.4,2025
SD,Grant,46051,7553,9.7,7.7,2025
SD,Gregory,46053,4018,10.2,8.8,2025
SD,Haakon,46055,1851,10.1,8.5,2025
SD,Hamlin,46057,6451,9.9,6.1,2025
SD,Hand,46059,3107,9.7,7.0,2025
SD,Hanson,46061,3471,10.4,7.4,2025
SD,Harding,46063,1324,9.6,6.3,2025
SD,Hughes,46065,17624,10.2,5.9,2025
SD,Hutchinson,46067,7394,10.0,7.3,2025
SD,Hyde,46069,1186,10.5,8.4,2025
SD,Jackson,46071,2776,13.2,12.3,2025
SD,Jerauld,46073,1660,9.6,8.1,2025
SD,Jones,46075,855,10.1,8.8,2025
SD,Kingsbury,46077,5276,9.9,7.4,2025
SD,Lake,46079,11031,9.7,6.8,2025
SD,Lawrence,46081,28053,10.0,7.1,2025
SD,Lincoln,46083,73238,9.5,4.8,2025
SD,Lyman,46085,3705,11.3,9.5,2025
SD,McCook,46087,5809,9.7,6.4,2025
SD,McPherson,46089,2334,10.0,9.7,2025
SD,Marshall,46091,4390,9.8,7.3,2025
SD,Meade,46093,30954,10.3,6.0,2025
SD,Mellette,46095,1851,13.2,13.7,2025
SD,Miner,46097,2280,9.9,8.2,2025
SD,Minnehaha,46099,206930,9.7,5.6,2025
SD,Moody,46101,6450,10.1,6.7,2025
SD,Oglala Lakota,46102,13434,15.0,13.6,2025
SD,Pennington,46103,115903,10.2,6.8,2025
SD,Perkins,46105,2834,10.2,8.9,2025
SD,Potter,46107,2413,9.7,7.4,2025
SD,Roberts,46109,10206,11.4,9.7,2025
SD,Sanborn,46111,2399,10.0,7.8,2025
SD,Spink,46115,6166,10.0,8.0,2025
SD,Stanley,46117,3043,9.8,6.3,2025
SD,Sully,46119,1494,9.6,7.1,2025
SD,Todd,46121,9199,15.3,13.2,2025
SD,Tripp,46123,5621,10.8,10.0,2025
SD,Turner,46125,9027,9.9,7.1,2025
SD,Union,46127,17183,9.6,5.9,2025
SD,Walworth,46129,5269,10.3,7.9,2025
SD,Yankton,46135,23517,9.8,6.7,2025
SD,Ziebach,46137,2322,13.8,11.2,2025
TN,Anderson,47001,80234,10.7,9.5,2025
TN,Bedford,47003,53055,11.0,9.2,2025
TN,Benton,47005,16103,11.2,12.7,2025
TN,Bledsoe,47007,15060,11.1,13.5,2025
TN,Blount,47009,141456,10.5,9.0,2025
TN,Bradley,47011,111579,10.8,9.0,2025
TN,Campbell,47013,40223,11.5,12.4,2025
TN,Cannon,47015,15063,11.1,10.8,2025
TN,Carroll,47017,28860,11.2,10.5,2025
TN,Carter,47019,57022,11.3,11.6,2025
TN,Cheatham,47021,42254,10.7,8.2,2025
TN,Chester,47023,17606,11.5,9.8,2025
TN,Claiborne,47025,32654,11.3,11.3,2025
TN,Clay,47027,7714,11.3,13.8,2025
TN,Cocke,47029,37404,11.5,13.4,2025
TN,Coffee,47031,60633,11.1,10.0,2025
TN,Crockett,47033,13982,11.2,10.0,2025
TN,Cumberland,47035,64760,10.8,12.7,2025
TN,Davidson,47037,712334,10.7,6.2,2025
TN,Decatur,47039,11656,11.4,13.6,2025
TN,DeKalb,47041,21225,11.1,11.8,2025
TN,Dickson,47043,56729,10.9,8.6,2025
TN,Dyer,47045,36498,11.4,10.2,2025
TN,Fayette,47047,44175,10.9,8.9,2025
TN,Fentress,47049,19696,11.4,13.3,2025
TN,Franklin,47051,44654,11.0,9.5,2025
TN,Gibson,47053,51045,11.4,9.9,2025
TN,Giles,47055,30721,11.3,10.5,2025
TN,Grainger,47057,24681,11.1,11.6,2025
TN,Greene,47059,72577,11.1,11.3,2025
TN,Grundy,47061,13955,11.7,13.1,2025
TN,Hamblen,47063,66216,11.1,10.6,2025
TN,Hamilton,47065,379864,11.0,7.7,2025
TN,Hancock,47067,6956,12.2,17.6,2025
TN,Hardeman,47069,25567,11.4,10.5,2025
TN,Hardin,47071,27229,11.3,13.0,2025
TN,Hawkins,47073,58600,11.1,11.8,2025
TN,Haywood,47075,17328,12.4,12.0,2025
TN,Henderson,47077,28070,11.2,10.9,2025
TN,Henry,47079,32554,11.2,12.1,2025
TN,Hickman,47081,25826,11.0,10.3,2025
TN,Houston,47083,8393,11.1,10.5,2025
TN,Humphreys,47085,19209,11.1,10.9,2025
TN,Jackson,47087,12363,11.3,13.1,2025
TN,Jefferson,47089,57838,11.0,9.7,2025
TN,Johnson,47091,18375,11.2,13.3,2025
TN,Knox,47093,500669,10.6,7.4,2025
TN,Lake,47095,6347,11.6,14.3,2025
TN,Lauderdale,47097,24610,11.8,11.2,2025
TN,Lawrence,47099,46114,11.3,11.2,2025
TN,Lewis,47101,13066,11.2,11.1,2025
TN,Lincoln,47103,36169,10.9,10.0,2025
TN,Loudon,47105,60591,10.3,9.9,2025
TN,McMinn,47107,55678,11.1,10.5,2025
TN,McNairy,47109,26163,11.4,11.8,2025
TN,Macon,47111,26793,11.3,10.9,2025
TN,Madison,47113,99193,11.5,9.1,2025
TN,Marion,47115,29382,11.4,11.9,2025
TN,Marshall,47117,36961,11.0,9.1,2025
TN,Maury,47119,110760,10.7,7.8,2025
TN,Meigs,47121,13691,11.2,11.9,2025
TN,Monroe,47123,48594,11.3,11.8,2025
TN,Montgomery,47125,239872,10.8,6.1,2025
TN,Moore,47127,6748,10.8,10.2,2025
TN,Morgan,47129,21573,10.9,11.1,2025
TN,Obion,47131,30411,11.3,11.4,2025
TN,Overton,47133,23327,11.4,12.3,2025
TN,Perry,47135,8891,11.4,12.8,2025
TN,Pickett,47137,5128,11.3,15.2,2025
TN,Polk,47139,18033,11.2,11.0,2025
TN,Putnam,47141,83844,10.9,8.9,2025
TN,Rhea,47143,33924,11.1,11.4,2025
TN,Roane,47145,56096,10.8,10.5,2025
TN,Robertson,47147,76776,10.8,8.2,2025
TN,Rutherford,47149,367101,10.7,6.2,2025
TN,Scott,47151,22171,11.8,13.8,2025
TN,Sequatchie,47153,17161,11.3,12.8,2025
TN,Sevier,47155,99415,10.8,10.1,2025
TN,Shelby,47157,910042,11.7,7.9,2025
TN,Smith,47159,20538,11.0,9.7,2025
TN,Stewart,47161,14222,10.8,9.8,2025
TN,Sullivan,47163,162135,11.2,10.3,2025
TN,Sumner,47165,207994,10.7,7.5,2025
TN,Tipton,47167,62015,11.3,8.9,2025
TN,Trousdale,47169,12271,10.6,8.2,2025
TN,Unicoi,47171,17756,11.1,12.2,2025
TN,Union,47173,20741,11.1,10.9,2025
TN,Van Buren,47175,6493,11.1,11.8,2025
TN,Warren,47177,42638,11.2,10.8,2025
TN,Washington,47179,138420,10.9,8.8,2025
TN,Wayne,47181,16066,11.0,11.8,2025
TN,Weakley,47183,33084,11.3,10.0,2025
TN,White,47185,28692,11.3,11.9,2025
TN,Williamson,47187,264460,9.8,5.2,2025
TN,Wilson,47189,163674,10.4,6.8,2025
TX,Anderson,48001,57736,9.9,7.8,2025
TX,Andrews,48003,18664,9.5,6.1,2025
TX,Angelina,48005,87319,11.0,8.8,2025
TX,Aransas,48007,25374,9.9,9.1,2025
TX,Archer,48009,9029,10.2,8.1,2025
TX,Armstrong,48011,1832,9.9,7.4,2025
TX,Atascosa,48013,51784,9.2,6.3,2025
TX,Austin,48015,31677,10.0,8.2,2025
TX,Bailey,48017,6672,9.5,7.1,2025
TX,Bandera,48019,22637,10.0,9.0,2025
TX,Bastrop,48021,110778,9.5,6.8,2025
TX,Baylor,48023,3463,10.3,9.7,2025
TX,Bee,48025,30850,8.7,5.7,2025
TX,Bell,48027,393193,10.7,5.9,2025
TX,Bexar,48029,2087679,9.0,5.1,2025
TX,Blanco,48031,13048,9.6,7.2,2025
TX,Borden,48033,572,9.6,7.4,2025
TX,Bosque,48035,18996,10.0,8.7,2025
TX,Bowie,48037,91687,10.8,8.1,2025
TX,Brazoria,48039,398938,9.4,5.1,2025
TX,Brazos,48041,244703,9.9,5.2,2025
TX,Brewster,48043,9513,8.9,5.5,2025
TX,Briscoe,48045,1445,10.3,10.4,2025
TX,Brooks,48047,6848,8.8,7.1,2025
TX,Brown,48049,38709,10.1,8.5,2025
TX,Burleson,48051,19475,10.1,7.8,2025
TX,Burnet,48053,53991,9.8,7.8,2025
TX,Caldwell,48055,49859,9.4,6.8,2025
TX,Calhoun,48057,19696,9.2,6.9,2025
TX,Callahan,48059,14374,10.2,8.2,2025
TX,Cameron,48061,426710,8.7,6.2,2025
TX,Camp,48063,13000,10.8,9.5,2025
TX,Carson,48065,5878,9.9,6.9,2025
TX,Cass,48067,28659,10.9,9.9,2025
TX,Castro,48069,7227,9.1,6.7,2025
TX,Chambers,48071,53876,10.0,5.7,2025
TX,Cherokee,48073,52217,10.5,8.9,2025
TX,Childress,48075,6788,9.5,6.9,2025
TX,Clay,48077,10738,10.1,8.3,2025
TX,Cochran,48079,2509,10.1,9.7,2025
TX,Coke,48081,3352,10.1,9.9,2025
TX,Coleman,48083,7842,10.2,9.4,2025
TX,Collin,48085,1195359,8.9,4.1,2025
TX,Collingsworth,48087,2563,10.5,9.3,2025
TX,Colorado,48089,21117,9.8,7.9,2025
TX,Comal,48091,193928,9.4,5.6,2025
TX,Comanche,48093,14050,9.9,8.7,2025
TX,Concho,48095,3297,9.1,7.8,2025
TX,Cooke,48097,43782,10.2,7.9,2025
TX,Coryell,48099,84878,10.4,5.7,2025
TX,Cottle,48101,1294,10.5,11.0,2025
TX,Crane,48103,4574,9.1,6.3,2025
TX,Crockett,48105,2858,9.4,7.4,2025
TX,Crosby,48107,4917,9.7,8.6,2025
TX,Culberson,48109,2196,9.2,8.0,2025
TX,Dallam,48111,7237,9.6,7.4,2025
TX,Dallas,48113,2606358,9.8,5.6,2025
TX,Dawson,48115,12004,9.4,7.6,2025
TX,Deaf Smith,48117,18347,9.4,7.2,2025
TX,Delta,48119,5520,10.6,8.7,2025
TX,Denton,48121,1007703,9.3,4.3,2025
TX,DeWitt,48123,19929,9.8,8.6,2025
TX,Dickens,48125,1711,9.9,9.8,2025
TX,Dimmit,48127,8257,9.5,9.4,2025
TX,Donley,48129,3214,10.4,8.9,2025
TX,Duval,48131,9604,8.9,7.0,2025
TX,Eastland,48133,18037,10.3,9.1,2025
TX,Ector,48135,164494,9.3,5.5,2025
TX,Edwards,48137,1393,9.5,9.9,2025
TX,Ellis,48139,222829,10.1,5.6,2025
TX,El Paso,48141,869880,8.6,4.9,2025
TX,Erath,48143,44195,10.3,6.6,2025
TX,Falls,48145,17286,10.9,9.1,2025
TX,Fannin,48147,37571,10.4,8.5,2025
TX,Fayette,48149,25474,9.6,7.7,2025
TX,Fisher,48151,3612,9.7,7.6,2025
TX,Floyd,48153,5090,9.6,8.3,2025
TX,Foard,48155,1079,10.7,11.8,2025
TX,Fort Bend,48157,916778,9.0,4.2,2025
TX,Franklin,48159,10735,10.0,7.6,2025
TX,Freestone,48161,20441,10.3,8.6,2025
TX,Frio,48163,17987,8.6,5.9,2025
TX,Gaines,48165,22523,10.2,6.6,2025
TX,Galveston,48167,361744,9.8,6.0,2025
TX,Garza,48169,4517,9.3,7.5,2025
TX,Gillespie,48171,27733,9.4,7.7,2025
TX,Glasscock,48173,1141,9.1,5.2,2025
TX,Goliad,48175,7144,9.8,8.4,2025
TX,Gonzales,48177,19930,9.9,8.3,2025
TX,Gray,48179,20916,9.9,8.2,2025
TX,Grayson,48181,146907,10.3,7.4,2025
TX,Gregg,48183,126243,10.7,7.7,2025
TX,Grimes,48185,32384,10.1,8.1,2025
TX,Guadalupe,48187,188454,9.5,5.5,2025
TX,Hale,48189,31761,9.5,7.4,2025
TX,Hall,48191,2818,10.0,9.6,2025
TX,Hamilton,48193,8619,10.1,9.4,2025
TX,Hansford,48195,5071,9.6,7.0,2025
TX,Hardeman,48197,3490,10.3,9.1,2025
TX,Hardin,48199,58261,10.5,7.9,2025
TX,Harris,48201,4835125,9.2,5.5,2025
TX,Harrison,48203,70895,10.7,7.9,2025
TX,Hartley,48205,5145,9.1,6.3,2025
TX,Haskell,48207,5385,10.0,9.0,2025
TX,Hays,48209,280486,9.3,4.8,2025
TX,Hemphill,48211,3189,9.4,6.2,2025
TX,Henderson,48213,86158,10.5,9.2,2025
TX,Hidalgo,48215,898471,8.7,5.9,2025
TX,Hill,48217,38101,10.3,8.4,2025
TX,Hockley,48219,21460,9.7,7.0,2025
TX,Hood,48221,67774,9.8,7.4,2025
TX,Hopkins,48223,38172,10.4,8.3,2025
TX,Houston,48225,22066,10.6,9.9,2025
TX,Howard,48227,30554,9.6,6.6,2025
TX,Hudspeth,48229,3451,8.9,6.6,2025
TX,Hunt,48231,113347,10.3,7.4,2025
TX,Hutchinson,48233,20033,10.1,7.5,2025
TX,Irion,48235,1549,9.7,7.2,2025
TX,Jack,48237,8875,10.2,8.8,2025
TX,Jackson,48239,15221,9.9,8.2,2025
TX,Jasper,48241,32694,11.1,10.7,2025
TX,Jeff Davis,48243,1856,9.8,11.6,2025
TX,Jefferson,48245,251496,10.7,7.8,2025
TX,Jim Hogg,48247,4720,9.1,8.9,2025
TX,Jim Wells,48249,38662,9.0,6.9,2025
TX,Johnson,48251,202906,10.2,6.6,2025
TX,Jones,48253,20381,9.5,7.5,2025
TX,Karnes,48255,15018,9.1,6.8,2025
TX,Kaufman,48257,185690,10.4,5.8,2025
TX,Kendall,48259,50537,9.3,5.5,2025
TX,Kenedy,48261,343,9.3,7.2,2025
TX,Kent,48263,734,9.6,7.2,2025
TX,Kerr,48265,53915,9.6,8.4,2025
TX,Kimble,48267,4442,10.0,10.1,2025
TX,King,48269,217,10.3,10.8,2025
TX,Kinney,48271,3148,8.8,7.5,2025
TX,Kleberg,48273,30069,9.1,5.5,2025
TX,Knox,48275,3302,10.1,8.7,2025
TX,Lamar,48277,51127,11.0,9.1,2025
TX,Lamb,48279,12711,9.6,7.9,2025
TX,Lampasas,48281,23262,10.2,7.9,2025
TX,La Salle,48283,6537,8.7,6.8,2025
TX,Lavaca,48285,20571,10.1,8.7,2025
TX,Lee,48287,18240,10.3,9.0,2025
TX,Leon,48289,16538,10.4,9.5,2025
TX,Liberty,48291,108272,10.6,8.0,2025
TX,Limestone,48293,22250,10.5,9.3,2025
TX,Lipscomb,48295,2906,9.8,8.3,2025
TX,Live Oak,48297,11584,9.6,8.7,2025
TX,Llano,48299,22875,9.8,9.5,2025
TX,Loving,48301,43,,,2025
TX,Lubbock,48303,320940,9.8,5.8,2025
TX,Lynn,48305,5761,9.9,8.0,2025
TX,McCulloch,48307,7452,10.0,8.9,2025
TX,McLennan,48309,268583,10.4,6.8,2025
TX,McMullen,48311,568,9.5,9.1,2025
TX,Madison,48313,13742,10.1,7.6,2025
TX,Marion,48315,9571,11.0,11.2,2025
TX,Martin,48317,5216,9.6,6.0,2025
TX,Mason,48319,3931,9.4,8.1,2025
TX,Matagorda,48321,36359,9.9,8.3,2025
TX,Maverick,48323,57762,8.9,5.7,2025
TX,Medina,48325,54797,9.2,6.1,2025
TX,Menard,48327,1958,9.7,9.8,2025
TX,Midland,48329,177108,9.4,4.9,2025
TX,Milam,48331,25951,10.1,8.5,2025
TX,Mills,48333,4548,9.7,8.3,2025
TX,Mitchell,48335,9075,9.3,7.0,2025
TX,Montague,48337,21598,10.3,8.8,2025
TX,Montgomery,48339,711354,9.5,5.6,2025
TX,Moore,48341,21190,9.5,6.8,2025
TX,Morris,48343,12066,11.1,9.4,2025
TX,Motley,48345,1020,9.9,9.2,2025
TX,Nacogdoches,48347,65375,10.9,7.9,2025
TX,Navarro,48349,55635,10.6,8.6,2025
TX,Newton,48351,12039,11.5,13.0,2025
TX,Nolan,48353,14306,10.2,9.4,2025
TX,Nueces,48355,352289,9.3,6.0,2025
TX,Ochiltree,48357,9704,9.5,7.1,2025
TX,Oldham,48359,1783,10.2,7.6,2025
TX,Orange,48361,85722,10.6,7.7,2025
TX,Palo Pinto,48363,29747,10.4,9.1,2025
TX,Panola,48365,22838,10.7,8.4,2025
TX,Parker,48367,173494,10.1,6.4,2025
TX,Parmer,48369,9617,9.1,6.4,2025
TX,Pecos,48371,14623,8.8,6.5,2025
TX,Polk,48373,54186,10.7,9.8,2025
TX,Potter,48375,114647,10.1,8.2,2025
TX,Presidio,48377,5795,8.9,8.4,2025
TX,Rains,48379,12986,10.2,8.8,2025
TX,Randall,48381,148255,9.8,5.8,2025
TX,Reagan,48383,3141,8.7,5.5,2025
TX,Real,48385,2854,10.2,11.0,2025
TX,Red River,48387,11678,10.9,10.7,2025
TX,Reeves,48389,11770,8.7,6.2,2025
TX,Refugio,48391,6666,9.7,8.4,2025
TX,Roberts,48393,840,9.7,6.7,2025
TX,Robertson,48395,17267,10.5,8.7,2025
TX,Rockwall,48397,131307,9.7,4.5,2025
TX,Runnels,48399,9868,9.7,7.8,2025
TX,Rusk,48401,53079,10.4,8.0,2025
TX,Sabine,48403,10106,10.6,11.1,2025
TX,San Augustine,48405,7833,11.5,14.1,2025
TX,San Jacinto,48407,28936,10.6,10.1,2025
TX,San Patricio,48409,70660,9.6,6.9,2025
TX,San Saba,48411,5845,9.6,8.6,2025
TX,Schleicher,48413,2391,9.1,6.7,2025
TX,Scurry,48415,16212,9.6,7.0,2025
TX,Shackelford,48417,3229,9.9,7.1,2025
TX,Shelby,48419,24179,11.0,10.1,2025
TX,Sherman,48421,2678,9.3,6.2,2025
TX,Smith,48423,245209,10.5,7.0,2025
TX,Somervell,48425,9888,9.9,7.1,2025
TX,Starr,48427,65934,9.3,7.2,2025
TX,Stephens,48429,9343,9.8,8.4,2025
TX,Sterling,48431,1397,9.2,4.9,2025
TX,Stonewall,48433,1218,10.0,9.6,2025
TX,Sutton,48435,3221,9.1,7.6,2025
TX,Swisher,48437,6955,9.8,8.9,2025
TX,Tarrant,48439,2182947,10.1,5.4,2025
TX,Taylor,48441,146836,10.0,6.3,2025
TX,Terrell,48443,687,8.4,5.6,2025
TX,Terry,48445,11547,9.7,8.2,2025
TX,Throckmorton,48447,1526,10.0,9.7,2025
TX,Titus,48449,31357,10.2,8.5,2025
TX,Tom Green,48451,119057,9.6,6.5,2025
TX,Travis,48453,1334961,9.2,4.0,2025
TX,Trinity,48455,14228,10.7,10.5,2025
TX,Tyler,48457,20382,10.7,10.7,2025
TX,Upshur,48459,43281,10.8,9.0,2025
TX,Upton,48461,3109,9.8,8.0,2025
TX,Uvalde,48463,24960,9.1,6.6,2025
TX,Val Verde,48465,47720,8.8,5.6,2025
TX,Van Zandt,48467,64000,10.4,8.5,2025
TX,Victoria,48469,91664,9.6,6.9,2025
TX,Walker,48471,81268,10.2,7.3,2025
TX,Waller,48473,63553,10.3,5.4,2025
TX,Ward,48475,10966,9.4,6.4,2025
TX,Washington,48477,37007,10.0,7.1,2025
TX,Webb,48479,269148,8.7,5.0,2025
TX,Wharton,48481,41739,9.9,7.4,2025
TX,Wheeler,48483,4804,10.3,9.1,2025
TX,Wichita,48485,130180,10.3,7.1,2025
TX,Wilbarger,48487,12522,10.5,9.9,2025
TX,Willacy,48489,20037,8.9,7.2,2025
TX,Williamson,48491,697191,9.0,4.3,2025
TX,Wilson,48493,54183,9.4,6.1,2025
TX,Winkler,48495,7414,9.2,6.0,2025
TX,Wise,48497,78097,10.1,7.2,2025
TX,Wood,48499,47921,10.3,9.3,2025
TX,Yoakum,48501,7468,9.2,5.8,2025
TX,Young,48503,18124,10.0,8.1,2025
TX,Zapata,48505,13736,9.2,7.8,2025
TX,Zavala,48507,9312,9.4,8.4,2025
UT,Beaver,49001,7233,10.5,5.5,2025
UT,Box Elder,49003,62684,11.1,5.6,2025
UT,Cache,49005,142393,10.5,4.6,2025
UT,Carbon,49007,20609,11.5,7.7,2025
UT,Daggett,49009,992,10.6,8.2,2025
UT,Davis,49011,373207,11.0,4.2,2025
UT,Duchesne,49013,20477,11.3,7.0,2025
UT,Emery,49015,10144,11.2,6.9,2025
UT,Garfield,49017,5314,10.6,6.6,2025
UT,Grand,49019,9706,10.8,6.6,2025
UT,Iron,49021,64211,11.0,5.8,2025
UT,Juab,49023,13023,11.0,5.7,2025
UT,Kane,49025,8425,10.8,6.9,2025
UT,Millard,49027,13437,10.7,7.0,2025
UT,Morgan,49029,13000,10.5,4.4,2025
UT,Piute,49031,1550,11.5,10.3,2025
UT,Rich,49033,2670,11.0,6.9,2025
UT,Salt Lake,49035,1185813,11.0,4.4,2025
UT,San Juan,49037,14358,13.3,8.9,2025
UT,Sanpete,49039,30277,11.2,6.7,2025
UT,Sevier,49041,22344,11.1,6.6,2025
UT,Summit,49043,42759,10.1,4.3,2025
UT,Tooele,49045,82051,11.4,4.6,2025
UT,Uintah,49047,37747,11.5,6.5,2025
UT,Utah,49049,719174,9.9,3.6,2025
UT,Wasatch,49051,37144,10.0,4.5,2025
UT,Washington,49053,202452,10.7,6.2,2025
UT,Wayne,49055,2614,11.1,8.1,2025
UT,Weber,49057,271926,11.4,4.9,2025
VT,Addison,50001,37720,10.8,6.0,2025
VT,Bennington,50003,37183,11.5,7.3,2025
VT,Caledonia,50005,30610,11.3,7.8,2025
VT,Chittenden,50007,169481,10.9,4.9,2025
VT,Essex,50009,6010,11.6,10.4,2025
VT,Franklin,50011,50994,11.4,7.2,2025
VT,Grand Isle,50013,7467,10.9,6.6,2025
VT,Lamoille,50015,26060,11.3,6.2,2025
VT,Orange,50017,29943,11.2,7.1,2025
VT,Orleans,50019,27516,11.5,8.3,2025
VT,Rutland,50021,60271,11.8,7.9,2025
VT,Washington,50023,60142,10.7,6.3,2025
VT,Windham,50025,45966,10.8,7.5,2025
VT,Windsor,50027,58101,10.8,6.7,2025
VA,Accomack,51001,33239,11.6,10.6,2025
VA,Albemarle,51003,115676,10.0,5.2,2025
VA,Alleghany,51005,14595,11.0,9.9,2025
VA,Amelia,51007,13480,11.4,9.7,2025
VA,Amherst,51009,31396,11.3,8.7,2025
VA,Appomattox,51011,16864,11.2,8.7,2025
VA,Arlington,51013,234162,9.0,3.2,2025
VA,Augusta,51015,78247,10.4,8.1,2025
VA,Bath,51017,4051,11.2,12.9,2025
VA,Bedford,51019,81525,10.5,7.6,2025
VA,Bland,51021,6179,10.4,8.8,2025
VA,Botetourt,51023,34125,10.4,7.6,2025
VA,Brunswick,51025,15749,11.7,9.6,2025
VA,Buchanan,51027,19087,11.6,13.0,2025
VA,Buckingham,51029,16978,11.3,9.3,2025
VA,Campbell,51031,55270,11.1,8.4,2025
VA,Caroline,51033,32640,11.1,7.4,2025
VA,Carroll,51035,29239,11.1,11.1,2025
VA,Charles City,51036,6610,11.8,9.5,2025
VA,Charlotte,51037,11336,11.9,11.5,2025
VA,Chesterfield,51041,383876,10.6,5.6,2025
VA,Clarke,51043,15466,10.1,6.8,2025
VA,Craig,51045,4843,10.7,9.4,2025
VA,Culpeper,51047,54973,10.6,7.0,2025
VA,Cumberland,51049,9878,11.4,8.8,2025
VA,Dickenson,51051,13640,11.3,12.6,2025
VA,Dinwiddie,51053,28343,11.3,7.4,2025
VA,Essex,51057,10598,11.8,9.8,2025
VA,Fairfax,51059,1141878,9.1,4.1,2025
VA,Fauquier,51061,75165,10.1,6.0,2025
VA,Floyd,51063,15679,10.6,8.6,2025
VA,Fluvanna,51065,28462,10.9,6.8,2025
VA,Franklin,51067,55549,11.1,9.2,2025
VA,Frederick,51069,95994,10.3,6.8,2025
VA,Giles,51071,16457,10.8,8.9,2025
VA,Gloucester,51073,40057,10.7,7.4,2025
VA,Goochland,51075,27197,10.1,6.1,2025
VA,Grayson,51077,15285,11.2,12.1,2025
VA,Greene,51079,21301,10.7,7.6,2025
VA,Greensville,51081,11133,11.2,8.4,2025
VA,Halifax,51083,33432,11.8,11.2,2025
VA,Hanover,51085,114148,10.1,6.1,2025
VA,Henrico,51087,334760,10.6,5.7,2025
VA,Henry,51089,49702,11.7,11.0,2025
VA,Highland,51091,2339,10.0,9.3,2025
VA,Isle of Wight,51093,40711,10.8,7.1,2025
VA,James City,51095,82654,10.3,6.2,2025
VA,King and Queen,51097,6720,11.4,9.6,2025
VA,King George,51099,28568,10.7,6.1,2025
VA,King William,51101,19030,10.9,6.7,2025
VA,Lancaster,51103,10859,10.8,10.3,2025
VA,Lee,51105,21745,11.5,12.6,2025
VA,Loudoun,51107,436347,8.9,3.7,2025
VA,Louisa,51109,41037,10.9,8.1,2025
VA,Lunenburg,51111,12038,11.6,10.6,2025
VA,Madison,51113,14128,10.8,8.2,2025
VA,Mathews,51115,8514,10.6,8.8,2025
VA,Mecklenburg,51117,30648,11.4,10.3,2025
VA,Middlesex,51119,10924,10.6,9.3,2025
VA,Montgomery,51121,98666,10.5,6.0,2025
VA,Nelson,51125,14705,10.6,9.1,2025
VA,New Kent,51127,26134,10.6,6.1,2025
VA,Northampton,51131,12021,11.1,9.9,2025
VA,Northumberland,51133,12391,10.6,9.0,2025
VA,Nottoway,51135,15566,11.4,8.9,2025
VA,Orange,51137,38574,10.7,7.4,2025
VA,Page,51139,23741,11.0,9.5,2025
VA,Patrick,51141,17509,11.0,11.0,2025
VA,Pittsylvania,51143,59571,11.3,10.8,2025
VA,Powhatan,51145,32105,10.5,6.7,2025
VA,Prince Edward,51147,22049,11.6,7.7,2025
VA,Prince George,51149,42871,10.7,5.9,2025
VA,Prince William,51153,489640,9.8,4.7,2025
VA,Pulaski,51155,33655,10.9,9.0,2025
VA,Rappahannock,51157,7414,10.4,8.8,2025
VA,Richmond,51159,9184,11.0,8.8,2025
VA,Roanoke,51161,97026,10.3,6.8,2025
VA,Rockbridge,51163,22358,10.4,8.8,2025
VA,Rockingham,51165,86568,10.6,7.7,2025
VA,Russell,51167,25477,11.5,11.4,2025
VA,Scott,51169,21433,11.3,11.6,2025
VA,Shenandoah,51171,45228,10.9,9.1,2025
VA,Smyth,51173,29216,11.4,10.9,2025
VA,Southampton,51175,17975,11.1,8.0,2025
VA,Spotsylvania,51177,149588,10.7,6.1,2025
VA,Stafford,51179,165428,10.3,4.8,2025
VA,Surry,51181,6593,11.3,8.5,2025
VA,Sussex,51183,10757,11.3,8.0,2025
VA,Tazewell,51185,39120,11.4,10.9,2025
VA,Warren,51187,41843,10.8,7.6,2025
VA,Washington,51191,54050,10.7,8.8,2025
VA,Westmoreland,51193,19013,11.4,10.7,2025
VA,Wise,51195,35174,11.4,10.5,2025
VA,Wythe,51197,28104,11.1,9.6,2025
VA,York,51199,70952,10.0,5.2,2025
VA,Alexandria,51510,155230,9.9,4.1,2025
VA,Bristol,51520,16807,11.3,10.0,2025
VA,Buena Vista,51530,6566,11.5,8.8,2025
VA,Charlottesville,51540,44983,10.7,5.4,2025
VA,Chesapeake,51550,253886,11.0,5.9,2025
VA,Colonial Heights,51570,18393,10.8,6.7,2025
VA,Covington,51580,5545,11.7,11.0,2025
VA,Danville,51590,41837,12.5,10.7,2025
VA,Emporia,51595,5463,12.8,10.1,2025
VA,Fairfax,51600,25144,9.2,4.5,2025
VA,Falls Church,51610,14685,9.1,3.6,2025
VA,Franklin,51620,8339,12.5,9.3,2025
VA,Fredericksburg,51630,28928,11.3,5.2,2025
VA,Galax,51640,6717,11.7,10.7,2025
VA,Hampton,51650,137098,11.8,6.9,2025
VA,Harrisonburg,51660,51082,11.1,6.1,2025
VA,Hopewell,51670,22752,12.6,10.1,2025
VA,Lexington,51678,7528,10.7,4.7,2025
VA,Lynchburg,51680,79535,11.7,6.2,2025
VA,Manassas,51683,42696,9.7,5.0,2025
VA,Manassas Park,51685,16361,9.8,5.5,2025
VA,Martinsville,51690,13763,12.5,10.2,2025
VA,Newport News,51700,183118,11.6,6.5,2025
VA,Norfolk,51710,230930,11.1,6.3,2025
VA,Norton,51720,3492,11.7,10.5,2025
VA,Petersburg,51730,33309,13.0,8.4,2025
VA,Poquoson,51735,12635,10.0,6.1,2025
VA,Portsmouth,51740,96793,12.3,7.6,2025
VA,Radford,51750,16971,12.0,6.6,2025
VA,Richmond,51760,229247,11.4,6.2,2025
VA,Roanoke,51770,97171,11.5,8.4,2025
VA,Salem,51775,25600,10.8,7.1,2025
VA,Staunton,51790,25915,11.0,7.5,2025
VA,Suffolk,51800,100659,11.6,6.3,2025
VA,Virginia Beach,51810,453649,10.6,5.6,2025
VA,Waynesboro,51820,23182,11.0,7.9,2025
VA,Williamsburg,51830,15847,11.0,5.3,2025
VA,Winchester,51840,27617,10.9,8.3,2025
WA,Adams,53001,20820,10.6,6.9,2025
WA,Asotin,53003,22549,11.7,8.1,2025
WA,Benton,53005,215219,10.8,5.6,2025
WA,Chelan,53007,79997,10.6,6.3,2025
WA,Clallam,53009,77616,11.4,7.8,2025
WA,Clark,53011,521150,11.6,5.5,2025
WA,Columbia,53013,4053,11.3,7.6,2025
WA,Cowlitz,53015,112864,12.3,7.5,2025
WA,Douglas,53017,44798,10.6,6.3,2025
WA,Ferry,53019,7497,12.3,9.8,2025
WA,Franklin,53021,99034,10.5,5.4,2025
WA,Garfield,53023,2363,11.0,7.0,2025
WA,Grant,53025,102678,10.8,6.4,2025
WA,Grays Harbor,53027,77290,11.5,8.2,2025
WA,Island,53029,86267,10.4,5.9,2025
WA,Jefferson,53031,33714,10.5,7.2,2025
WA,King,53033,2271380,9.7,3.4,2025
WA,Kitsap,53035,277658,11.2,5.4,2025
WA,Kittitas,53037,45508,11.3,6.1,2025
WA,Klickitat,53039,23589,11.3,7.2,2025
WA,Lewis,53041,86154,11.3,7.5,2025
WA,Lincoln,53043,11738,11.2,7.3,2025
WA,Mason,53045,68389,11.1,7.5,2025
WA,Okanogan,53047,43712,11.6,8.7,2025
WA,Pacific,53049,24200,11.1,8.5,2025
WA,Pend Oreille,53051,14361,11.4,8.7,2025
WA,Pierce,53053,928696,10.8,5.2,2025
WA,San Juan,53055,18566,10.4,6.4,2025
WA,Skagit,53057,131417,11.0,6.5,2025
WA,Skamania,53059,12640,11.5,7.0,2025
WA,Snohomish,53061,844761,11.1,4.8,2025
WA,Spokane,53063,551455,11.5,6.0,2025
WA,Stevens,53065,48837,12.0,8.6,2025
WA,Thurston,53067,299003,11.2,5.3,2025
WA,Wahkiakum,53069,4765,11.5,9.2,2025
WA,Walla Walla,53071,61568,11.0,6.0,2025
WA,Whatcom,53073,231919,10.7,5.4,2025
WA,Whitman,53075,48012,12.0,4.9,2025
WA,Yakima,53077,256643,10.7,6.5,2025
WV,Barbour,54001,15378,12.6,11.9,2025
WV,Berkeley,54003,132440,12.2,8.4,2025
WV,Boone,54005,20576,12.5,12.4,2025
WV,Braxton,54007,12162,12.4,14.3,2025
WV,Brooke,54009,21373,11.7,9.8,2025
WV,Cabell,54011,92082,12.8,9.8,2025
WV,Calhoun,54013,5959,12.7,16.2,2025
WV,Clay,54015,7783,12.6,14.0,2025
WV,Doddridge,54017,7680,11.9,11.5,2025
WV,Fayette,54019,39072,12.5,12.2,2025
WV,Gilmer,54021,7254,11.6,10.1,2025
WV,Grant,54023,10921,11.9,11.2,2025
WV,Greenbrier,54025,32149,12.3,12.4,2025
WV,Hampshire,54027,23649,11.9,11.3,2025
WV,Hancock,54029,28145,12.1,10.8,2025
WV,Hardy,54031,14251,12.3,12.6,2025
WV,Harrison,54033,64639,12.3,10.2,2025
WV,Jackson,54035,27593,12.2,11.1,2025
WV,Jefferson,54037,59787,11.9,7.6,2025
WV,Kanawha,54039,174805,11.9,9.8,2025
WV,Lewis,54041,16500,12.2,11.6,2025
WV,Lincoln,54043,19701,12.9,13.8,2025
WV,Logan,54045,30827,12.7,13.5,2025
WV,McDowell,54047,17439,13.2,16.5,2025
WV,Marion,54049,55807,12.2,9.3,2025
WV,Marshall,54051,29405,12.0,11.1,2025
WV,Mason,54053,24765,12.8,12.5,2025
WV,Mercer,54055,58057,12.7,12.1,2025
WV,Mineral,54057,26867,11.9,9.8,2025
WV,Mingo,54059,22023,13.3,16.1,2025
WV,Monongalia,54061,107718,11.6,6.7,2025
WV,Monroe,54063,12382,12.2,12.3,2025
WV,Morgan,54065,17649,11.9,11.1,2025
WV,Nicholas,54067,24169,12.1,11.9,2025
WV,Ohio,54069,41194,11.9,9.4,2025
WV,Pendleton,54071,6029,11.8,12.2,2025
WV,Pleasants,54073,7428,11.8,10.0,2025
WV,Pocahontas,54075,7765,12.2,13.9,2025
WV,Preston,54077,34099,11.9,10.5,2025
WV,Putnam,54079,56962,11.7,8.8,2025
WV,Raleigh,54081,72356,12.6,12.1,2025
WV,Randolph,54083,27350,12.0,10.9,2025
WV,Ritchie,54085,8167,12.4,13.4,2025
WV,Roane,54087,13743,12.6,14.4,2025
WV,Summers,54089,11581,13.0,13.9,2025
WV,Taylor,54091,16388,12.3,11.2,2025
WV,Tucker,54093,6604,11.9,11.3,2025
WV,Tyler,54095,7919,12.0,11.9,2025
WV,Upshur,54097,23529,12.2,11.5,2025
WV,Wayne,54099,37686,12.5,12.0,2025
WV,Webster,54101,8045,12.7,14.8,2025
WV,Wetzel,54103,13890,12.1,11.7,2025
WV,Wirt,54105,5000,12.3,12.7,2025
WV,Wood,54107,83052,12.0,10.8,2025
WV,Wyoming,54109,20277,12.9,14.0,2025
WI,Adams,55001,21449,10.8,10.1,2025
WI,Ashland,55003,16079,11.4,8.6,2025
WI,Barron,55005,46833,10.9,8.2,2025
WI,Bayfield,55007,16769,10.8,7.9,2025
WI,Brown,55009,271417,10.7,6.1,2025
WI,Buffalo,55011,13419,10.7,7.8,2025
WI,Burnett,55013,17092,10.9,9.7,2025
WI,Calumet,55015,53199,10.7,5.9,2025
WI,Chippewa,55017,66970,11.1,7.2,2025
WI,Clark,55019,34774,11.4,9.0,2025
WI,Columbia,55021,58091,10.8,6.9,2025
WI,Crawford,55023,15944,10.9,8.8,2025
WI,Dane,55025,575347,9.9,4.4,2025
WI,Dodge,55027,88231,10.7,7.0,2025
WI,Door,55029,30562,10.5,7.5,2025
WI,Douglas,55031,44264,11.0,7.0,2025
WI,Dunn,55033,45794,10.8,6.2,2025
WI,Eau Claire,55035,107903,10.7,5.8,2025
WI,Florence,55037,4682,10.7,8.5,2025
WI,Fond du Lac,55039,103948,11.0,6.9,2025
WI,Forest,55041,9325,12.1,10.2,2025
WI,Grant,55043,51409,11.0,7.3,2025
WI,Green,55045,36951,10.5,6.8,2025
WI,Green Lake,55047,19344,11.1,8.8,2025
WI,Iowa,55049,23956,10.5,6.8,2025
WI,Iron,55051,6228,10.7,9.1,2025
WI,Jackson,55053,20855,11.1,8.5,2025
WI,Jefferson,55055,85743,10.9,6.4,2025
WI,Juneau,55057,26594,11.1,9.1,2025
WI,Kenosha,55059,167488,11.0,6.5,2025
WI,Kewaunee,55061,20690,10.6,7.3,2025
WI,La Crosse,55063,120486,11.2,6.0,2025
WI,Lafayette,55065,16945,10.9,8.0,2025
WI,Langlade,55067,19404,11.0,9.2,2025
WI,Lincoln,55069,28405,11.0,8.5,2025
WI,Manitowoc,55071,81331,10.7,7.7,2025
WI,Marathon,55073,138612,10.2,6.7,2025
WI,Marinette,55075,42106,10.9,8.5,2025
WI,Marquette,55077,15838,11.0,9.5,2025
WI,Menominee,55078,4226,13.9,8.9,2025
WI,Milwaukee,55079,916205,11.8,6.7,2025
WI,Monroe,55081,46151,11.2,8.2,2025
WI,Oconto,55083,39775,11.0,7.9,2025
WI,Oneida,55085,38226,10.4,7.9,2025
WI,Outagamie,55087,193234,10.6,5.9,2025
WI,Ozaukee,55089,93460,10.2,5.4,2025
WI,Pepin,55091,7441,10.6,7.4,2025
WI,Pierce,55093,43026,10.7,5.8,2025
WI,Polk,55095,45762,10.7,7.3,2025
WI,Portage,55097,71024,10.7,6.1,2025
WI,Price,55099,14102,10.9,9.5,2025
WI,Racine,55101,196613,11.3,6.7,2025
WI,Richland,55103,17197,10.9,8.9,2025
WI,Rock,55105,164278,11.2,6.8,2025
WI,Rusk,55107,14143,11.1,9.8,2025
WI,St. Croix,55109,96763,10.4,5.5,2025
WI,Sauk,55111,65920,10.8,7.0,2025
WI,Sawyer,55113,18552,11.0,9.3,2025
WI,Shawano,55115,41109,11.2,8.2,2025
WI,Sheboygan,55117,117752,10.3,6.5,2025
WI,Taylor,55119,20058,10.7,8.4,2025
WI,Trempealeau,55121,30899,10.6,7.6,2025
WI,Vernon,55123,31170,11.0,8.5,2025
WI,Vilas,55125,23885,10.8,8.3,2025
WI,Walworth,55127,105822,10.5,6.4,2025
WI,Washburn,55129,16930,11.0,8.9,2025
WI,Washington,55131,138168,10.5,5.9,2025
WI,Waukesha,55133,412591,10.2,5.2,2025
WI,Waupaca,55135,51388,11.1,7.8,2025
WI,Waushara,55137,24934,10.5,8.7,2025
WI,Winnebago,55139,171735,11.0,6.4,2025
WI,Wood,55141,73939,10.9,7.7,2025
WY,Albany,56001,38257,10.4,5.1,2025
WY,Big Horn,56003,12018,10.3,8.8,2025
WY,Campbell,56005,47498,10.3,6.6,2025
WY,Carbon,56007,14334,9.9,8.0,2025
WY,Converse,56009,13809,10.3,7.8,2025
WY,Crook,56011,7592,10.2,7.5,2025
WY,Fremont,56013,39815,10.9,8.3,2025
WY,Goshen,56015,12642,9.9,8.1,2025
WY,Hot Springs,56017,4661,10.5,9.9,2025
WY,Johnson,56019,8759,10.2,8.9,2025
WY,Laramie,56021,100984,10.1,6.6,2025
WY,Lincoln,56023,20880,10.0,7.3,2025
WY,Natrona,56025,79941,10.3,7.1,2025
WY,Niobrara,56027,2354,10.9,9.5,2025
WY,Park,56029,30735,9.8,7.3,2025
WY,Platte,56031,8546,10.2,9.1,2025
WY,Sheridan,56033,32519,10.0,7.1,2025
WY,Sublette,56035,8969,9.8,7.0,2025
WY,Sweetwater,56037,41249,10.3,7.0,2025
WY,Teton,56039,23232,9.0,4.5,2025
WY,Uinta,56041,20745,10.2,7.2,2025
WY,Washakie,56043,7710,10.1,8.9,2025
WY,Weston,56045,6808,9.9,8.2,2025
US,,59,334914895,9.8,6.2,2025
KY,Adair,21001,19067,11.1,11.6,2024
KY,Allen,21003,21275,11.3,11.9,2024
KY,Anderson,21005,24224,11.2,10.4,2024
KY,Ballard,21007,7650,11.5,12.4,2024
KY,Barren,21009,44854,11.3,11.7,2024
KY,Bath,21011,12829,11.1,10.1,2024
KY,Bell,21013,23568,12.0,15.5,2024
KY,Boone,21015,139093,10.3,7.7,2024
KY,Bourbon,21017,20093,11.2,11.7,2024
KY,Boyd,21019,48110,11.0,11.2,2024
KY,Boyle,21021,30904,11.0,9.7,2024
KY,Bracken,21023,8452,11.4,11.3,2024
KY,Breathitt,21025,13351,12.1,14.2,2024
KY,Breckinridge,21027,20943,11.7,15.1,2024
KY,Bullitt,21029,83836,11.0,9.8,2024
KY,Butler,21031,12295,11.6,12.8,2024
KY,Caldwell,21033,12570,11.0,11.0,2024
KY,Calloway,21035,37685,11.1,9.4,2024
KY,Campbell,21037,93300,10.4,8.3,2024
KY,Carlisle,21039,4720,11.3,11.9,2024
KY,Carroll,21041,10938,11.5,12.2,2024
KY,Carter,21043,26395,11.6,12.9,2024
KY,Casey,21045,15920,12.4,17.4,2024
KY,Christian,21047,73037,11.5,9.2,2024
KY,Clark,21049,37061,11.2,10.4,2024
KY,Clay,21051,19913,12.2,14.9,2024
KY,Clinton,21053,9123,12.1,13.8,2024
KY,Crittenden,21055,8981,11.2,12.2,2024
KY,Cumberland,21057,5946,11.7,15.1,2024
KY,Daviess,21059,103222,10.9,10.2,2024
KY,Edmonson,21061,12269,11.3,13.1,2024
KY,Elliott,21063,7293,11.4,14.5,2024
KY,Estill,21065,14044,11.8,14.6,2024
KY,Fayette,21067,320347,10.7,7.7,2024
KY,Fleming,21069,15288,11.7,13.2,2024
KY,Floyd,21071,34978,11.9,12.8,2024
KY,Franklin,21073,51607,10.7,8.9,2024
KY,Fulton,21075,6382,12.5,15.5,2024
KY,Gallatin,21077,8763,11.2,10.4,2024
KY,Garrard,21079,17589,11.6,12.9,2024
KY,Grant,21081,25502,11.4,10.2,2024
KY,Graves,21083,36412,11.1,10.8,2024
KY,Grayson,21085,26631,11.6,13.1,2024
KY,Green,21087,11365,11.7,14.9,2024
KY,Greenup,21089,35403,11.5,11.8,2024
KY,Hancock,21091,9021,10.8,10.1,2024
KY,Hardin,21093,111862,11.0,9.4,2024
KY,Harlan,21095,25662,12.7,16.3,2024
KY,Harrison,21097,19103,10.9,10.5,2024
KY,Hart,21099,19600,12.1,14.1,2024
KY,Henderson,21101,44046,10.8,8.9,2024
KY,Henry,21103,15771,11.2,12.9,2024
KY,Hickman,21105,4422,11.1,11.7,2024
KY,Hopkins,21107,44812,11.7,13.5,2024
KY,Jackson,21109,12973,12.4,16.7,2024
KY,Jefferson,21111,773399,10.8,8.2,2024
KY,Jessamine,21113,54254,10.5,8.5,2024
KY,Johnson,21115,22244,12.2,14.5,2024
KY,Kenton,21117,170313,10.6,8.3,2024
KY,Knott,21119,13874,12.7,16.9,2024
KY,Knox,21121,29791,12.2,13.9,2024
KY,Larue,21123,15163,12.0,13.0,2024
KY,Laurel,21125,62885,11.4,12.5,2024
KY,Lawrence,21127,16109,11.7,13.7,2024
KY,Lee,21129,7261,12.1,17.2,2024
KY,Leslie,21131,10093,12.0,15.2,2024
KY,Letcher,21133,20893,11.6,12.6,2024
KY,Lewis,21135,12954,12.1,15.7,2024
KY,Lincoln,21137,24360,11.6,12.8,2024
KY,Livingston,21139,8963,10.9,10.9,2024
KY,Logan,21141,27877,11.2,11.0,2024
KY,Lyon,21143,9101,10.1,11.4,2024
KY,McCracken,21145,67490,11.3,12.0,2024
KY,McCreary,21147,16701,12.2,15.3,2024
KY,McLean,21149,9105,10.9,11.0,2024
KY,Madison,21151,95187,11.1,8.6,2024
KY,Magoffin,21153,11357,12.3,17.0,2024
KY,Marion,21155,19775,11.6,11.8,2024
KY,Marshall,21157,31777,11.0,11.0,2024
KY,Martin,21159,11095,12.3,15.6,2024
KY,Mason,21161,16930,11.6,11.7,2024
KY,Meade,21163,30001,10.9,9.4,2024
KY,Menifee,21165,6250,11.8,14.4,2024
KY,Mercer,21167,22902,11.0,10.8,2024
KY,Metcalfe,21169,10370,11.5,12.5,2024
KY,Monroe,21171,11355,11.2,11.7,2024
KY,Montgomery,21173,28367,11.8,12.0,2024
KY,Morgan,21175,14120,11.6,12.5,2024
KY,Muhlenberg,21177,30455,11.4,12.1,2024
KY,Nelson,21179,47392,10.7,8.9,2024
KY,Nicholas,21181,7805,11.5,12.4,2024
KY,Ohio,21183,23527,11.5,12.2,2024
KY,Oldham,21185,69431,9.6,6.1,2024
KY,Owen,21187,11290,11.2,11.6,2024
KY,Owsley,21189,3929,11.7,14.7,2024
KY,Pendleton,21191,14676,11.3,12.2,2024
KY,Perry,21193,27361,12.0,13.1,2024
KY,Pike,21195,56286,11.9,13.2,2024
KY,Powell,21197,13083,11.5,11.1,2024
KY,Pulaski,21199,65795,11.6,13.2,2024
KY,Robertson,21201,2229,11.8,14.9,2024
KY,Rockcastle,21203,16242,12.1,14.7,2024
KY,Rowan,21205,24388,11.7,10.9,2024
KY,Russell,21207,18178,12.5,16.6,2024
KY,Scott,21209,59099,10.6,7.7,2024
KY,Shelby,21211,48886,10.4,8.3,2024
KY,Simpson,21213,19949,11.2,9.9,2024
KY,Spencer,21215,20204,11.0,9.6,2024
KY,Taylor,21217,26407,11.2,10.8,2024
KY,Todd,21219,12404,11.8,13.4,2024
KY,Trigg,21221,14332,11.5,13.9,2024
KY,Trimble,21223,8539,10.9,10.6,2024
KY,Union,21225,12961,11.5,12.0,2024
KY,Warren,21227,139843,10.8,8.1,2024
KY,Washington,21229,12061,10.9,11.0,2024
KY,Wayne,21231,19681,12.0,16.1,2024
KY,Webster,21233,12726,11.3,12.2,2024
KY,Whitley,21235,36873,11.9,11.5,2024
KY,Wolfe,21237,6400,13.1,19.4,2024
KY,Woodford,21239,27062,10.2,8.7,2024
PA,Adams,42001,106027,10.3,7.7,2024
PA,Allegheny,42003,1233253,10.5,7.2,2024
PA,Armstrong,42005,64747,10.9,9.8,2024
PA,Beaver,42007,165677,10.6,8.4,2024
PA,Bedford,42009,47418,10.6,9.9,2024
PA,Berks,42011,430449,10.4,7.5,2024
PA,Blair,42013,121032,11.2,10.2,2024
PA,Bradford,42015,59866,10.7,9.0,2024
PA,Bucks,42017,645054,10.2,7.6,2024
PA,Butler,42019,197300,10.0,6.2,2024
PA,Cambria,42021,131441,10.7,9.7,2024
PA,Cameron,42023,4418,11.0,12.3,2024
PA,Carbon,42025,65460,10.5,9.3,2024
PA,Centre,42027,158425,10.3,6.5,2024
PA,Chester,42029,545823,9.7,5.1,2024
PA,Clarion,42031,37346,11.0,8.9,2024
PA,Clearfield,42033,77904,10.9,10.6,2024
PA,Clinton,42035,37931,11.2,8.6,2024
PA,Columbia,42037,64926,11.1,8.5,2024
PA,Crawford,42039,82670,11.0,9.6,2024
PA,Cumberland,42041,268579,10.3,6.9,2024
PA,Dauphin,42043,288800,11.0,7.9,2024
PA,Delaware,42045,575182,10.3,5.5,2024
PA,Elk,42047,30477,10.6,10.1,2024
PA,Erie,42049,267689,10.7,8.5,2024
PA,Fayette,42051,125755,11.3,10.7,2024
PA,Forest,42053,6626,10.1,10.0,2024
PA,Franklin,42055,156902,10.4,8.3,2024
PA,Fulton,42057,14533,10.4,8.6,2024
PA,Greene,42059,34663,10.9,9.6,2024
PA,Huntingdon,42061,43281,10.4,8.4,2024
PA,Indiana,42063,82957,11.1,8.2,2024
PA,Jefferson,42065,43794,11.0,10.2,2024
PA,Juniata,42067,23339,10.8,9.6,2024
PA,Lackawanna,42069,215615,10.4,8.1,2024
PA,Lancaster,42071,556629,10.6,7.3,2024
PA,Lawrence,42073,84849,10.7,9.2,2024
PA,Lebanon,42075,144011,10.4,7.7,2024
PA,Lehigh,42077,376317,10.6,7.2,2024
PA,Luzerne,42079,326369,11.1,8.5,2024
PA,Lycoming,42081,113104,10.4,8.5,2024
PA,McKean,42083,39866,10.7,8.8,2024
PA,Mercer,42085,109220,11.2,8.8,2024
PA,Mifflin,42087,45988,11.2,10.3,2024
PA,Monroe,42089,167198,10.6,7.5,2024
PA,Montgomery,42091,864683,9.9,6.6,2024
PA,Montour,42093,18091,10.7,8.9,2024
PA,Northampton,42095,318526,10.2,6.9,2024
PA,Northumberland,42097,90133,10.7,9.7,2024
PA,Perry,42099,46114,10.6,8.7,2024
PA,Philadelphia,42101,1567258,11.6,8.3,2024
PA,Pike,42103,60558,10.1,7.7,2024
PA,Potter,42105,16220,10.5,9.7,2024
PA,Schuylkill,42107,143104,10.9,9.8,2024
PA,Snyder,42109,39652,10.4,8.4,2024
PA,Somerset,42111,72710,10.4,9.0,2024
PA,Sullivan,42113,5855,11.3,11.9,2024
PA,Susquehanna,42115,38074,10.0,7.5,2024
PA,Tioga,42117,41106,11.1,10.3,2024
PA,Union,42119,42744,10.6,8.3,2024
PA,Venango,42121,49777,10.8,10.3,2024
PA,Warren,42123,37808,10.7,9.7,2024
PA,Washington,42125,210383,11.1,8.1,2024
PA,Wayne,42127,51173,10.7,10.3,2024
PA,Westmoreland,42129,352057,10.2,7.0,2024
PA,Wyoming,42131,26014,11.0,10.4,2024
PA,York,42133,461058,10.4,6.5,2024
